name,trademark,brand,time_up,price,year_product,style,status,origin,KM,local,box_car,fuel
Acura MDX  2009,Acura,MDX,08/11/2021,500000000,2009,SUV,Đã qua sử dụng,Nhập khẩu,120000,Gia Lai,Số tự động,Xăng
Acura MDX  2007,Acura,MDX,05/11/2021,445000000,2007,SUV,Đã qua sử dụng,Nhập khẩu,180000,Hải Dương,Số tự động,Xăng
Acura MDX      2006,Acura,MDX,29/10/2021,415000000,2006,SUV,Đã qua sử dụng,Nhập khẩu,159000,Hải Dương,Số tự động,Xăng
Acura MDX  2009,Acura,MDX,26/10/2021,550000000,2009,SUV,Đã qua sử dụng,Nhập khẩu,160000,Hà Nội,Số tự động,Xăng
Acura MDX   2006,Acura,MDX,21/10/2021,390000000,2006,SUV,Đã qua sử dụng,Nhập khẩu,120000,Hà Nội,Số tự động,Xăng
Acura MDX  2003,Acura,MDX,20/10/2021,300000000,2003,SUV,Đã qua sử dụng,Nhập khẩu,95000,Tp.HCM,Số tự động,Xăng
Acura MDX  2007,Acura,MDX,13/10/2021,515000000,2007,SUV,Đã qua sử dụng,Nhập khẩu,80000,Hà Nội,Số tự động,Xăng
Acura MDX  2008,Acura,MDX,13/10/2021,450000000,2008,SUV,Đã qua sử dụng,Nhập khẩu,79000,Tây Ninh,Số tự động,Xăng
Acura MDX  2009,Acura,MDX,25/11/2021,630000000,2009,SUV,Đã qua sử dụng,Nhập khẩu,10000,Hà Nội,Số tự động,Xăng
Acura MDX  2007,Acura,MDX,02/11/2021,650000000,2007,SUV,Đã qua sử dụng,Nhập khẩu,96000,Tp.HCM,Số tự động,Xăng
Acura MDX   SH-AWD  2008,Acura,MDX,12/10/2021,560000000,2008,SUV,Đã qua sử dụng,Nhập khẩu,80000,Hà Nội,Số tự động,Xăng
Acura MDX   SH-AWD 2007,Acura,MDX,30/09/2021,475000000,2007,SUV,Đã qua sử dụng,Nhập khẩu,90000,Đà Nẵng,Số tự động,Xăng
Acura Legend  1992,Acura,Legend,25/11/2021,140000000,1992,Sedan,Đã qua sử dụng,Nhập khẩu,10000,Tp.HCM,Số tay,Xăng
Acura Legend  1992,Acura,Legend,15/11/2021,150000000,1992,Sedan,Đã qua sử dụng,Nhập khẩu,100000,Tp.HCM,Số tự động,Xăng
Acura ZDX  2010,Acura,ZDX,26/11/2021,960000000,2010,SUV,Đã qua sử dụng,Nhập khẩu,110000,Quảng Ninh,Số tự động,Xăng
Acura RDX  2006,Acura,RDX,05/10/2021,385000000,2006,SUV,Đã qua sử dụng,Nhập khẩu,120000,Hà Nội,Số tự động,Xăng
Audi Q5  2021,Audi,Q5,28/11/2021,2420000000,2021,SUV,Mới,Nhập khẩu,0,Hải Phòng,Số tự động,Xăng
Audi Q5 2.0 TFSI Quattro 2016,Audi,Q5,29/11/2021,1260000000,2016,SUV,Đã qua sử dụng,Nhập khẩu,30000,Hà Nội,Số tự động,Xăng
Audi Q5  2021,Audi,Q5,29/11/2021,2420000000,2021,SUV,Mới,Nhập khẩu,0,Hải Phòng,Số tự động,Xăng
Audi Q5  2018,Audi,Q5,28/11/2021,1930000000,2018,SUV,Đã qua sử dụng,Nhập khẩu,30000,Hà Nội,Số tự động,Xăng
Audi Q5 2.0 TFSI Quattro 2017,Audi,Q5,28/11/2021,1780000000,2017,SUV,Đã qua sử dụng,Nhập khẩu,40000,Hà Nội,Số tự động,Xăng
Audi Q5  2015,Audi,Q5,28/11/2021,1190000000,2015,SUV,Đã qua sử dụng,Nhập khẩu,80000,Hà Nội,Số tự động,Xăng
Audi Q5  2016,Audi,Q5,29/11/2021,1250000000,2016,SUV,Đã qua sử dụng,Nhập khẩu,65000,Hà Nội,Số tự động,Xăng
Audi Q5  2012,Audi,Q5,29/11/2021,799000000,2012,SUV,Đã qua sử dụng,Nhập khẩu,57000,Tp.HCM,Số tự động,Xăng
Audi Q5  2018,Audi,Q5,28/11/2021,1929000000,2018,SUV,Đã qua sử dụng,Nhập khẩu,30000,Hà Nội,Số tự động,Xăng
Audi Q5  2015,Audi,Q5,28/11/2021,1190000000,2015,SUV,Đã qua sử dụng,Nhập khẩu,80000,Hà Nội,Số tự động,Xăng
Audi Q5 2.0 Quattro 2015,Audi,Q5,28/11/2021,1200000000,2015,SUV,Đã qua sử dụng,Nhập khẩu,80000,Hà Nội,Số tự động,Xăng
Audi Q5 2.0 TFSI Quattro 2018,Audi,Q5,28/11/2021,1789000000,2018,SUV,Đã qua sử dụng,Nhập khẩu,35000,Hà Nội,Số tự động,Xăng
Audi Q5 2.0Quattro 2016,Audi,Q5,27/11/2021,1250000000,2016,SUV,Đã qua sử dụng,Nhập khẩu,40000,Hà Nội,Số tự động,Xăng
Audi Q5  2016,Audi,Q5,27/11/2021,1100000000,2016,SUV,Đã qua sử dụng,Nhập khẩu,90000,Hà Nội,Số tự động,Xăng
Audi Q5  2017,Audi,Q5,29/11/2021,2080000000,2017,SUV,Đã qua sử dụng,Nhập khẩu,10700,Tp.HCM,Số tự động,Xăng
Audi Q5  2018,Audi,Q5,20/11/2021,1930000000,2018,SUV,Đã qua sử dụng,Nhập khẩu,28000,Tp.HCM,Số tự động,Xăng
Audi Q5  2014,Audi,Q5,09/11/2021,1165000000,2014,SUV,Đã qua sử dụng,Nhập khẩu,79000,Tp.HCM,Số tự động,Xăng
Audi Q5  2018,Audi,Q5,26/10/2021,1939000000,2018,SUV,Đã qua sử dụng,Trong nước,10034,Tp.HCM,Số tự động,Xăng
Audi Q5  2018,Audi,Q5,20/10/2021,1720000000,2018,SUV,Đã qua sử dụng,Nhập khẩu,63000,Đà Nẵng,Số tự động,Xăng
Audi Q5  2011,Audi,Q5,19/10/2021,630000000,2011,SUV,Đã qua sử dụng,Nhập khẩu,10000,Vĩnh Phúc,Số tự động,Xăng
Audi Q5   2.0 AT  2015,Audi,Q5,14/10/2021,1200000000,2015,SUV,Đã qua sử dụng,Nhập khẩu,80000,Hà Nội,Số tự động,Xăng
Audi Q5   2.0 AT 2017,Audi,Q5,29/11/2021,1850000000,2017,SUV,Đã qua sử dụng,Nhập khẩu,21000,Hà Nội,Số tự động,Xăng
Audi Q5  2016,Audi,Q5,27/11/2021,1230000000,2016,SUV,Đã qua sử dụng,Nhập khẩu,82000,Hà Nội,Số tự động,Xăng
Audi Q5   2013,Audi,Q5,27/11/2021,890000000,2013,SUV,Đã qua sử dụng,Nhập khẩu,80000,Hà Nội,Số tự động,Xăng
Audi Q5   TFSI  2017,Audi,Q5,25/11/2021,1249000000,2017,SUV,Đã qua sử dụng,Nhập khẩu,50000,Hà Nội,Số tự động,Xăng
Audi Q5   2012,Audi,Q5,21/11/2021,780000000,2012,SUV,Đã qua sử dụng,Nhập khẩu,98000,Tp.HCM,Số tự động,Xăng
Audi Q5   2018,Audi,Q5,08/11/2021,1789000000,2018,SUV,Đã qua sử dụng,Nhập khẩu,35000,Hà Nội,Số tự động,Xăng
Audi Q5  2010,Audi,Q5,02/11/2021,586000000,2010,SUV,Đã qua sử dụng,Nhập khẩu,75000,Hà Nội,Số tự động,Xăng
Audi Q5   2.0 TFSI  2018,Audi,Q5,02/11/2021,1930000000,2018,SUV,Đã qua sử dụng,Nhập khẩu,23456,Hà Nội,Số tự động,Xăng
Audi Q5   2.0 AT 2013,Audi,Q5,06/10/2021,890000000,2013,SUV,Đã qua sử dụng,Nhập khẩu,74000,Hà Nội,Số tự động,Xăng
Audi Q7  2021,Audi,Q7,29/11/2021,3660000000,2021,SUV,Mới,Nhập khẩu,0,Hải Dương,Số tự động,Xăng
Audi Q7  2016,Audi,Q7,27/11/2021,2250000000,2016,SUV,Đã qua sử dụng,Nhập khẩu,60000,Hà Nội,Số tự động,Xăng
Audi Q7  2016,Audi,Q7,25/11/2021,2235000000,2016,SUV,Đã qua sử dụng,Nhập khẩu,160000,Tp.HCM,Số tự động,Xăng
Audi Q7  2008,Audi,Q7,23/11/2021,455000000,2008,SUV,Đã qua sử dụng,Nhập khẩu,120000,Hà Nội,Số tự động,Xăng
Audi Q7  2009,Audi,Q7,26/10/2021,950000000,2009,SUV,Đã qua sử dụng,Nhập khẩu,30000,Tp.HCM,Số tự động,Xăng
Audi Q7  2017,Audi,Q7,16/10/2021,2290000000,2017,SUV,Đã qua sử dụng,Nhập khẩu,70000,Tp.HCM,Số tự động,Xăng
Audi Q7  2006,Audi,Q7,15/10/2021,485000000,2006,SUV,Đã qua sử dụng,Nhập khẩu,140000,Tp.HCM,Số tự động,Xăng
Audi Q7   S-line 4.2 AT  2008,Audi,Q7,13/10/2021,740000000,2008,SUV,Đã qua sử dụng,Nhập khẩu,160000,Tp.HCM,Số tự động,Xăng
Audi Q7  2020,Audi,Q7,31/08/2021,4180000000,2020,SUV,Mới,Nhập khẩu,0,Đà Nẵng,Số tự động,Xăng
Audi Q7  2010,Audi,Q7,29/11/2021,680000000,2010,SUV,Đã qua sử dụng,Nhập khẩu,70000,Hà Nội,Số tự động,Xăng
Audi Q7   3.0 TFSI  2020,Audi,Q7,26/11/2021,4150000000,2020,SUV,Đã qua sử dụng,Nhập khẩu,10000,Hà Nội,Số tự động,Xăng
Audi Q7  2008,Audi,Q7,19/11/2021,455000000,2008,SUV,Đã qua sử dụng,Nhập khẩu,120000,Hà Nội,Số tự động,Xăng
Audi Q7  2010,Audi,Q7,12/11/2021,810000000,2010,SUV,Đã qua sử dụng,Nhập khẩu,125000,Tp.HCM,Số tự động,Xăng
Audi Q7     2015,Audi,Q7,10/11/2021,1425000000,2015,SUV,Đã qua sử dụng,Nhập khẩu,92000,Hà Nội,Số tự động,Xăng
Audi Q7   2.0 AT  2016,Audi,Q7,08/11/2021,2220000000,2016,SUV,Đã qua sử dụng,Nhập khẩu,50000,Hà Nội,Số tự động,Xăng
Audi Q7  2017,Audi,Q7,02/11/2021,2300000000,2017,SUV,Đã qua sử dụng,Nhập khẩu,74000,Hà Nội,Số tự động,Xăng
Audi Q7  2009,Audi,Q7,25/10/2021,685000000,2009,SUV,Đã qua sử dụng,Nhập khẩu,85000,Tp.HCM,Số tự động,Xăng
Audi Q7   3.0T   2013,Audi,Q7,24/10/2021,1300000000,2013,SUV,Đã qua sử dụng,Nhập khẩu,68000,Hà Nội,Số tự động,Xăng
Audi Q7   2.0 AT 2016,Audi,Q7,15/10/2021,2190000000,2016,SUV,Đã qua sử dụng,Nhập khẩu,70000,Tp.HCM,Số tự động,Xăng
Audi Q7   3.0 AT  2014,Audi,Q7,13/10/2021,1350000000,2014,SUV,Đã qua sử dụng,Nhập khẩu,68000,Hà Nội,Số tự động,Xăng
Audi Q7  2010,Audi,Q7,12/10/2021,750000000,2010,SUV,Đã qua sử dụng,Nhập khẩu,109200,Nghệ An,Số tự động,Xăng
Audi Q7    2016,Audi,Q7,09/10/2021,2250000000,2016,SUV,Đã qua sử dụng,Nhập khẩu,80000,Tp.HCM,Số tự động,Xăng
Audi Q7  2009,Audi,Q7,07/10/2021,620000000,2009,SUV,Đã qua sử dụng,Nhập khẩu,56789,Tp.HCM,Số tự động,Xăng
Audi Q7    2018,Audi,Q7,05/10/2021,2790000000,2018,SUV,Đã qua sử dụng,Nhập khẩu,25000,Tp.HCM,Số tự động,Xăng
Audi Q7  2015,Audi,Q7,02/10/2021,1415000000,2015,SUV,Đã qua sử dụng,Nhập khẩu,90899,Hà Nội,Số tự động,Xăng
Audi Q7   2.0  2017,Audi,Q7,02/10/2021,2390000000,2017,SUV,Đã qua sử dụng,Nhập khẩu,41000,Hà Nội,Số tự động,Xăng
Audi Q7   2.0 AT 2016,Audi,Q7,30/09/2021,2250000000,2016,SUV,Đã qua sử dụng,Nhập khẩu,60000,Hà Nội,Số tự động,Xăng
Audi Q7   2.0 AT  2017,Audi,Q7,30/09/2021,2390000000,2017,SUV,Đã qua sử dụng,Nhập khẩu,76000,Hà Nội,Số tự động,Xăng
Audi Q7   3.0 AT  2015,Audi,Q7,30/09/2021,1425000000,2015,SUV,Đã qua sử dụng,Nhập khẩu,92000,Hà Nội,Số tự động,Xăng
Audi Q7   2.0 AT  2017,Audi,Q7,30/09/2021,2390000000,2017,SUV,Đã qua sử dụng,Nhập khẩu,76000,Hà Nội,Số tự động,Xăng
Audi A6  2017,Audi,A6,29/11/2021,1459000000,2017,Sedan,Đã qua sử dụng,Nhập khẩu,25000,Hà Nội,Số tự động,Xăng
Audi A6  2020,Audi,A6,29/11/2021,2499000000,2020,Sedan,Đã qua sử dụng,Nhập khẩu,15000,Hà Nội,Số tự động,Xăng
Audi A6  2015,Audi,A6,22/11/2021,1190000000,2015,Sedan,Đã qua sử dụng,Nhập khẩu,60000,Tp.HCM,Số tự động,Xăng
Audi A6  2009,Audi,A6,22/11/2021,450000000,2009,Sedan,Đã qua sử dụng,Nhập khẩu,100000,Tp.HCM,Số tự động,Xăng
Audi A6  2010,Audi,A6,22/11/2021,450000000,2010,Sedan,Đã qua sử dụng,Nhập khẩu,120100,Tp.HCM,Số tự động,Xăng
Audi A6  2020,Audi,A6,15/11/2021,2590000000,2020,Sedan,Đã qua sử dụng,Nhập khẩu,1650,Tp.HCM,Số tự động,Xăng
Audi A6   2017,Audi,A6,13/11/2021,1086000000,2017,Sedan,Đã qua sử dụng,Nhập khẩu,25000,Tp.HCM,Số tự động,Xăng
Audi A6    2017,Audi,A6,29/10/2021,1560000000,2017,Sedan,Đã qua sử dụng,Nhập khẩu,42000,Tp.HCM,Số tự động,Xăng
Audi A6   1.8 TFSI 2017,Audi,A6,26/10/2021,1550000000,2017,Sedan,Đã qua sử dụng,Nhập khẩu,20000,Tp.HCM,Số tự động,Xăng
Audi A6  2013,Audi,A6,04/11/2021,895000000,2013,Sedan,Đã qua sử dụng,Nhập khẩu,65000,Hà Nội,Số tự động,Xăng
Audi A6  2017,Audi,A6,02/11/2021,1550000000,2017,Sedan,Đã qua sử dụng,Nhập khẩu,43000,Đà Nẵng,Số tự động,Xăng
Audi A6    2015,Audi,A6,02/11/2021,1250000000,2015,Sedan,Đã qua sử dụng,Nhập khẩu,60000,Tp.HCM,Số tự động,Xăng
Audi A6  Quattro 3.0T  2009,Audi,A6,18/10/2021,525000000,2009,Sedan,Đã qua sử dụng,Nhập khẩu,120000,Hà Nội,Số tự động,Xăng
Audi A6  2009,Audi,A6,14/10/2021,495000000,2009,Sedan,Đã qua sử dụng,Nhập khẩu,60000,Hà Nội,Số tự động,Xăng
Audi A4   1.8T   2009,Audi,A4,25/11/2021,468000000,2009,Sedan,Đã qua sử dụng,Trong nước,142108,Cần Thơ,Số tự động,Xăng
Audi A4  2009,Audi,A4,09/11/2021,468000000,2009,Sedan,Đã qua sử dụng,Nhập khẩu,103000,Cần Thơ,Số tự động,Xăng
Audi A4  2016,Audi,A4,27/10/2021,830000000,2016,Sedan,Đã qua sử dụng,Nhập khẩu,75000,Đắk Lắk,Số tự động,Xăng
Audi A4  2017,Audi,A4,20/10/2021,1450000000,2017,Sedan,Đã qua sử dụng,Nhập khẩu,24400,Tp.HCM,Số tự động,Xăng
Audi A4  2016,Audi,A4,13/10/2021,1150000000,2016,Sedan,Đã qua sử dụng,Nhập khẩu,50000,Hà Nội,Số tự động,Xăng
Audi A4  2017,Audi,A4,13/10/2021,1250000000,2017,Sedan,Đã qua sử dụng,Trong nước,55000,Tp.HCM,Số tự động,Xăng
Audi A4   TFS  2020,Audi,A4,28/11/2021,1700000000,2020,Sedan,Đã qua sử dụng,Nhập khẩu,12000,Tp.HCM,Số tự động,Xăng
Audi A4   1.8 AT  2015,Audi,A4,27/11/2021,860000000,2015,Sedan,Đã qua sử dụng,Nhập khẩu,52000,Hà Nội,Số tự động,Xăng
Audi A4  2010,Audi,A4,27/11/2021,486000000,2010,Sedan,Đã qua sử dụng,Nhập khẩu,80000,Hà Nội,Số tự động,Xăng
Audi A4  2016,Audi,A4,02/11/2021,1100000000,2016,Sedan,Đã qua sử dụng,Nhập khẩu,88000,Hà Nội,Số tự động,Xăng
Audi A4   2.0  2016,Audi,A4,12/10/2021,1130000000,2016,Sedan,Đã qua sử dụng,Nhập khẩu,50000,Hà Nội,Số tự động,Xăng
Audi A4    2008,Audi,A4,09/10/2021,430000000,2008,Sedan,Đã qua sử dụng,Nhập khẩu,90000,Tp.HCM,Số tự động,Xăng
Audi A5  2013,Audi,A5,27/11/2021,799000000,2013,Sedan,Đã qua sử dụng,Nhập khẩu,53000,Tp.HCM,Số tự động,Xăng
Audi A5  2010,Audi,A5,08/11/2021,1150000000,2010,Convertible,Đã qua sử dụng,Nhập khẩu,47000,Tp.HCM,Số tự động,Xăng
Audi A5  2012,Audi,A5,03/11/2021,1080000000,2012,Sedan,Đã qua sử dụng,Nhập khẩu,123000,Tp.HCM,Số tự động,Xăng
Audi A5    2016,Audi,A5,21/10/2021,1139000000,2016,Sedan,Đã qua sử dụng,Nhập khẩu,30000,Hà Nội,Số tự động,Xăng
Audi A5   2016,Audi,A5,18/10/2021,1139000000,2016,Sedan,Đã qua sử dụng,Nhập khẩu,33000,Hà Nội,Số tự động,Xăng
Audi A5  2014,Audi,A5,08/10/2021,870000000,2014,Sedan,Đã qua sử dụng,Trong nước,100000,Tp.HCM,Số tự động,Xăng
Audi A5  2013,Audi,A5,06/10/2021,829000000,2013,Sedan,Đã qua sử dụng,Nhập khẩu,52500,Tp.HCM,Số tự động,Xăng
Audi A5   2.0AT 2017,Audi,A5,01/10/2021,1579000000,2017,Sedan,Đã qua sử dụng,Nhập khẩu,41390,Hải Phòng,Số tự động,Xăng
Audi A5  2014,Audi,A5,26/11/2021,895000000,2014,Sedan,Đã qua sử dụng,Nhập khẩu,70000,Hà Nội,Số tự động,Xăng
Audi A5  2017,Audi,A5,24/11/2021,1620000000,2017,Sedan,Đã qua sử dụng,Nhập khẩu,45000,Hà Nội,Số tự động,Xăng
Audi A5    2014,Audi,A5,23/11/2021,855000000,2014,Sedan,Đã qua sử dụng,Nhập khẩu,130000,Hà Nội,Số tự động,Xăng
Audi A5  2.0T   2010,Audi,A5,22/10/2021,640000000,2010,Sedan,Đã qua sử dụng,Nhập khẩu,100000,Đà Nẵng,Số tự động,Xăng
Audi A5   Sportback 2.0   2016,Audi,A5,21/10/2021,1139000000,2016,Sedan,Đã qua sử dụng,Nhập khẩu,30000,Hà Nội,Số tự động,Xăng
Audi A8  2021,Audi,A8,29/11/2021,6300000000,2021,Sedan,Mới,Nhập khẩu,0,Tp.HCM,Số tự động,
Audi A8 4.0L  2014,Audi,A8,22/11/2021,2350000000,2014,Sedan,Đã qua sử dụng,Nhập khẩu,60000,Hà Nội,Số tự động,Xăng
Audi A8    2014,Audi,A8,22/11/2021,2350000000,2014,Sedan,Đã qua sử dụng,Nhập khẩu,60000,Hà Nội,Số tự động,Xăng
Audi A8   L 4.2    2010,Audi,A8,22/11/2021,1100000000,2010,Sedan,Đã qua sử dụng,Nhập khẩu,130000,Hà Nội,Số tự động,Xăng
Audi A8 4.0L Quattro  2014,Audi,A8,22/11/2021,2350000000,2014,Sedan,Đã qua sử dụng,Nhập khẩu,65000,Hà Nội,Số tự động,Xăng
Audi A8    2015,Audi,A8,22/11/2021,2350000000,2015,Sedan,Đã qua sử dụng,Nhập khẩu,65050,Hà Nội,Số tự động,Xăng
Audi A8  2014,Audi,A8,20/10/2021,2390000000,2014,Sedan,Đã qua sử dụng,Nhập khẩu,70000,Hà Nội,Số tự động,Xăng
Audi A8     2021,Audi,A8,23/11/2021,6300000000,2021,Sedan,Mới,Nhập khẩu,0,Hà Nội,Số tự động,Xăng
Audi A8  2012,Audi,A8,17/11/2021,1450000000,2012,Sedan,Đã qua sử dụng,Nhập khẩu,60000,Hà Nội,Số tự động,Xăng
Audi A8  2021,Audi,A8,04/11/2021,6200000000,2021,Sedan,Mới,Nhập khẩu,0,Hà Nội,Số tự động,Xăng
Audi A8   L V6 3.0 TFSI 2016,Audi,A8,08/10/2021,2690000000,2016,Sedan,Đã qua sử dụng,Nhập khẩu,30000,Hà Nội,Số tự động,Xăng
Audi A7   55T Sport Back  2021,Audi,A7,22/11/2021,3920000000,2021,Sedan,Mới,Nhập khẩu,0,Hà Nội,Số tự động,Xăng
Audi A7  2014,Audi,A7,14/10/2021,1590000000,2014,Sedan,Đã qua sử dụng,Nhập khẩu,50000,Hà Nội,Số tự động,Xăng
Audi A7  2014,Audi,A7,14/10/2021,1590000000,2014,Sedan,Đã qua sử dụng,Nhập khẩu,70579,Hà Nội,Số tự động,Xăng
Audi A7  2014,Audi,A7,17/11/2021,1799000000,2014,Sedan,Đã qua sử dụng,Nhập khẩu,50000,Hà Nội,Số tự động,Xăng
Audi A7   Sportline 2014,Audi,A7,17/11/2021,1485000000,2014,Sedan,Đã qua sử dụng,Nhập khẩu,40000,Tp.HCM,Số hỗn hợp,Xăng
Audi A7   3.0 TSPI  2014,Audi,A7,17/11/2021,1800000000,2014,Sedan,Đã qua sử dụng,Nhập khẩu,59000,Hà Nội,Số tự động,Xăng
Audi A7    2015,Audi,A7,12/11/2021,1799000000,2015,Sedan,Đã qua sử dụng,Nhập khẩu,50000,Hà Nội,Số tự động,Xăng
Audi A7  2015,Audi,A7,18/10/2021,1590000000,2015,Sedan,Đã qua sử dụng,Nhập khẩu,43000,Hà Nội,Số tự động,Xăng
Audi TT  2015,Audi,TT,19/11/2021,1599000000,2015,Convertible,Đã qua sử dụng,Nhập khẩu,38000,Tp.HCM,Số tự động,Xăng
Audi TT  2016,Audi,TT,12/11/2021,1780000000,2016,Coupe,Đã qua sử dụng,Nhập khẩu,29000,Hà Nội,Số tự động,Xăng
Audi TT    2009,Audi,TT,21/10/2021,650000000,2009,Sport Car,Đã qua sử dụng,Nhập khẩu,85000,Tp.HCM,Số tự động,Xăng
Audi TT  2015,Audi,TT,20/10/2021,1580000000,2015,Coupe,Đã qua sử dụng,Nhập khẩu,30000,Hà Nội,Số tự động,Xăng
Audi TT  2015,Audi,TT,18/10/2021,1580000000,2015,Coupe,Đã qua sử dụng,Trong nước,35000,Hà Nội,Số tự động,Xăng
Audi TT    2015,Audi,TT,16/10/2021,1580000000,2015,Coupe,Đã qua sử dụng,Nhập khẩu,60000,Hà Nội,Số tự động,Xăng
Audi TT  2017,Audi,TT,11/10/2021,1979000000,2017,Coupe,Đã qua sử dụng,Nhập khẩu,21888,Tp.HCM,Số tự động,Xăng
Audi TT   2016,Audi,TT,21/11/2021,1733000000,2016,Coupe,Đã qua sử dụng,Nhập khẩu,25000,Hà Nội,Số tự động,Xăng
Audi TT  2016,Audi,TT,03/11/2021,1799000000,2016,Coupe,Đã qua sử dụng,Nhập khẩu,13000,Hà Nội,Số tự động,Xăng
Audi TT  2016,Audi,TT,02/11/2021,1799000000,2016,Coupe,Đã qua sử dụng,Nhập khẩu,15000,Hà Nội,Số tự động,Xăng
Audi TT  2016,Audi,TT,08/10/2021,1620000000,2016,Coupe,Đã qua sử dụng,Nhập khẩu,36000,Hà Nội,Số tự động,Xăng
Audi A1      2010,Audi,A1,01/10/2021,435000000,2010,Hatchback,Đã qua sử dụng,Nhập khẩu,72000,Đà Nẵng,Số tự động,Xăng
Audi Q3    2017,Audi,Q3,29/11/2021,1500000000,2017,CUV,Đã qua sử dụng,Nhập khẩu,18800,Hà Nội,Số tự động,Xăng
Audi Q3  2016,Audi,Q3,26/11/2021,979000000,2016,SUV,Đã qua sử dụng,Trong nước,39000,Hà Nội,Số tự động,Xăng
Audi Q3  2015,Audi,Q3,25/11/2021,898000000,2015,SUV,Đã qua sử dụng,Nhập khẩu,70000,Tp.HCM,Số tự động,Xăng
Audi Q3    2013,Audi,Q3,27/10/2021,780000000,2013,SUV,Đã qua sử dụng,Trong nước,55000,Tp.HCM,Số tự động,Xăng
Audi Q3 Quattro 2016,Audi,Q3,07/10/2021,1060000000,2016,CUV,Đã qua sử dụng,Nhập khẩu,45000,Hà Nội,Số tự động,Xăng
Audi Q8  2021,Audi,Q8,27/11/2021,4500000000,2021,SUV,Mới,Nhập khẩu,0,Bắc Ninh,Số tự động,
Audi Q8  2021,Audi,Q8,28/11/2021,4500000000,2021,SUV,Mới,Nhập khẩu,0,Quảng Ninh,Số tự động,
Audi Q8  2021,Audi,Q8,16/11/2021,4650000000,2021,SUV,Mới,Nhập khẩu,0,Hà Nội,Số tự động,Xăng
Audi Q8   55 TFSI  2020,Audi,Q8,02/11/2021,4650000000,2020,SUV,Đã qua sử dụng,Nhập khẩu,2400,Hà Nội,Số tự động,Xăng
Audi Q8   S-line  2020,Audi,Q8,02/11/2021,4650000000,2020,SUV,Đã qua sử dụng,Nhập khẩu,2500,Hà Nội,Số tự động,Xăng
Audi A3  2013,Audi,A3,16/11/2021,680000000,2013,Sedan,Đã qua sử dụng,Nhập khẩu,70000,Tp.HCM,Số tự động,Xăng
Audi A3  2005,Audi,A3,11/11/2021,295000000,2005,SUV,Đã qua sử dụng,Nhập khẩu,250000,Bến Tre,Số tự động,Xăng
Audi A3   1.8 TFSI  2015,Audi,A3,09/10/2021,768000000,2015,Sedan,Đã qua sử dụng,Nhập khẩu,42000,Tp.HCM,Số tự động,Xăng
Audi Q2 1.4 TFSI 2018,Audi,Q2,27/11/2021,1430000000,2018,SUV,Đã qua sử dụng,Nhập khẩu,30000,Hà Nội,Số tự động,Xăng
Audi Q2  2019,Audi,Q2,15/10/2021,1390000000,2019,SUV,Đã qua sử dụng,Trong nước,33000,Tp.HCM,Số tự động,Xăng
Audi A7 Sportback (cũ)  2014,Audi,A7,29/11/2021,1590000000,2014,Sedan,Đã qua sử dụng,Trong nước,43000,Hà Nội,Số tự động,Xăng
BMW 320i  2021,BMW,320i,29/11/2021,1679000000,2021,Sedan,Mới,Nhập khẩu,0,Đà Nẵng,Số tự động,Xăng
BMW 320i Sport Line 2021,BMW,320i,28/11/2021,1671000000,2021,Sedan,Mới,Nhập khẩu,0,Hải Phòng,Số tự động,Xăng
BMW 320i Sport Line Plus 2020,BMW,320i,27/11/2021,2179000000,2020,Sedan,Mới,Nhập khẩu,0,Tp.HCM,Số tự động,Xăng
BMW 320i  2013,BMW,320i,25/11/2021,670000000,2013,Sedan,Đã qua sử dụng,Nhập khẩu,100000,Đồng Nai,Số tự động,Xăng
BMW 320i  2013,BMW,320i,11/11/2021,699000000,2013,Sedan,Đã qua sử dụng,Nhập khẩu,100000,Thanh Hóa,Số tự động,Xăng
BMW 320i    2010,BMW,320i,10/11/2021,395000000,2010,Sedan,Đã qua sử dụng,Nhập khẩu,120000,Đà Nẵng,Số tự động,Xăng
BMW 320i    2013,BMW,320i,07/11/2021,715000000,2013,Sedan,Đã qua sử dụng,Trong nước,48000,Đà Nẵng,Số tự động,Xăng
BMW 320i     2021,BMW,320i,05/11/2021,1918000000,2021,Sedan,Mới,Nhập khẩu,0,Hà Nội,Số tự động,Xăng
BMW 320i Sport Line  2021,BMW,320i,02/11/2021,1709000000,2021,Sedan,Mới,Nhập khẩu,0,Tp.HCM,Số tự động,Xăng
BMW 320i  2018,BMW,320i,25/10/2021,1230000000,2018,Sedan,Đã qua sử dụng,Nhập khẩu,29000,Cần Thơ,Số tự động,Xăng
BMW 320i  2011,BMW,320i,03/10/2021,425000000,2011,Sedan,Đã qua sử dụng,Nhập khẩu,170000,Đà Nẵng,Số tự động,Xăng
BMW 320i  2009,BMW,320i,30/09/2021,350000000,2009,Sedan,Đã qua sử dụng,Nhập khẩu,140000,Hà Nội,Số tự động,Xăng
BMW 320i  2012,BMW,320i,29/11/2021,650000000,2012,Sedan,Đã qua sử dụng,Nhập khẩu,124000,Hà Nội,Số tự động,Xăng
BMW 320i  2009,BMW,320i,27/11/2021,379000000,2009,Sedan,Đã qua sử dụng,Nhập khẩu,120000,Hà Nội,Số tự động,Xăng
BMW 320i    2012,BMW,320i,27/11/2021,665000000,2012,Sedan,Đã qua sử dụng,Trong nước,70000,Hà Nội,Số tự động,Xăng
BMW 320i   2019,BMW,320i,27/11/2021,1220000000,2019,Sedan,Đã qua sử dụng,Nhập khẩu,25000,Hà Nội,Số tự động,Xăng
BMW 320i  2014,BMW,320i,27/11/2021,718000000,2014,Sedan,Đã qua sử dụng,Nhập khẩu,98000,Hà Nội,Số tự động,Xăng
BMW 320i  2009,BMW,320i,27/11/2021,348000000,2009,Sedan,Đã qua sử dụng,Nhập khẩu,120000,Hà Nội,Số tự động,Xăng
BMW 320i  2018,BMW,320i,26/11/2021,1075000000,2018,Sedan,Đã qua sử dụng,Nhập khẩu,32000,Hà Nội,Số tự động,Xăng
BMW 320i    2013,BMW,320i,16/11/2021,695000000,2013,Sedan,Đã qua sử dụng,Nhập khẩu,100000,Thái Nguyên,Số tự động,Xăng
BMW 320i  2018,BMW,320i,09/11/2021,1268000000,2018,Sedan,Đã qua sử dụng,Nhập khẩu,19000,Hà Nội,Số tự động,Xăng
BMW 320i    2015,BMW,320i,05/11/2021,930000000,2015,Sedan,Đã qua sử dụng,Nhập khẩu,56000,Tp.HCM,Số tự động,Xăng
BMW 320i   2013,BMW,320i,05/11/2021,775000000,2013,Sedan,Đã qua sử dụng,Nhập khẩu,40000,Hà Nội,Số tự động,Xăng
BMW 320i  2015,BMW,320i,03/11/2021,850000000,2015,Sedan,Đã qua sử dụng,Nhập khẩu,50000,Hà Nội,Số tự động,Xăng
BMW 320i  2015,BMW,320i,03/11/2021,820000000,2015,Sedan,Đã qua sử dụng,Nhập khẩu,56000,Hà Nội,Số tự động,Xăng
BMW 320i  2015,BMW,320i,03/11/2021,820000000,2015,Sedan,Đã qua sử dụng,Nhập khẩu,56000,Hà Nội,Số tự động,Xăng
BMW 320i     2018,BMW,320i,03/11/2021,1199000000,2018,Sedan,Đã qua sử dụng,Nhập khẩu,42000,Hà Nội,Số tự động,Xăng
BMW 320i  2014,BMW,320i,03/11/2021,795000000,2014,Sedan,Đã qua sử dụng,Nhập khẩu,36000,Tp.HCM,Số tự động,Xăng
BMW 320i  2015,BMW,320i,03/11/2021,820000000,2015,Sedan,Đã qua sử dụng,Nhập khẩu,56000,Hà Nội,Số tự động,Xăng
BMW 320i  2016,BMW,320i,03/11/2021,1050000000,2016,Sedan,Đã qua sử dụng,Nhập khẩu,40000,Hà Nội,Số tự động,Xăng
BMW 320i  2018,BMW,320i,23/10/2021,1200000000,2018,Sedan,Đã qua sử dụng,Nhập khẩu,45000,Hà Nội,Số tự động,Xăng
BMW 320i  2016,BMW,320i,19/10/2021,968000000,2016,Sedan,Đã qua sử dụng,Nhập khẩu,77000,Tp.HCM,Số tự động,Xăng
BMW 320i  2010,BMW,320i,15/10/2021,450000000,2010,Sedan,Đã qua sử dụng,Nhập khẩu,50000,Tp.HCM,Số tự động,Xăng
BMW 320i  2019,BMW,320i,15/10/2021,1179000000,2019,Sedan,Đã qua sử dụng,Nhập khẩu,30000,Hà Nội,Số tự động,Xăng
BMW 320i  2016,BMW,320i,15/10/2021,1345000000,2016,Sedan,Đã qua sử dụng,Nhập khẩu,43000,Tp.HCM,Số tự động,Xăng
BMW 320i  2018,BMW,320i,12/10/2021,1220000000,2018,Sedan,Đã qua sử dụng,Nhập khẩu,43000,Hà Nội,Số tự động,Xăng
BMW 320i  2016,BMW,320i,12/10/2021,986000000,2016,Sedan,Đã qua sử dụng,Nhập khẩu,77000,Tp.HCM,Số tự động,Xăng
BMW X5  2009,BMW,X5,10/11/2021,650000000,2009,SUV,Đã qua sử dụng,Nhập khẩu,79000,Tp.HCM,Số tự động,Xăng
BMW X5  2013,BMW,X5,13/10/2021,1090000000,2013,SUV,Đã qua sử dụng,Nhập khẩu,135000,Tp.HCM,Số tự động,Xăng
BMW X5  2021,BMW,X5,28/11/2021,4869000000,2021,SUV,Mới,Nhập khẩu,0,Tp.HCM,Số tự động,Xăng
BMW X5  2007,BMW,X5,25/11/2021,455000000,2007,SUV,Đã qua sử dụng,Nhập khẩu,125000,Hà Nội,Số tự động,Xăng
BMW 520i  2021,BMW,520i,29/11/2021,2499000000,2021,Sedan,Mới,Nhập khẩu,0,Đà Nẵng,Số tự động,Xăng
BMW 520i   2016,BMW,520i,05/11/2021,980000000,2016,Sedan,Đã qua sử dụng,Nhập khẩu,38000,Nghệ An,Số tự động,Xăng
BMW 520i   2018,BMW,520i,03/11/2021,1760000000,2018,Sedan,Đã qua sử dụng,Nhập khẩu,16780,Tp.HCM,Số tự động,Xăng
BMW 520i  2016,BMW,520i,15/10/2021,1268000000,2016,Sedan,Đã qua sử dụng,Nhập khẩu,60000,Hà Nội,Số tự động,Xăng
BMW 520i  2016,BMW,520i,06/10/2021,1295000000,2016,Sedan,Đã qua sử dụng,Nhập khẩu,47000,Hà Nội,Số tự động,Xăng
BMW 520i  2015,BMW,520i,26/11/2021,1180000000,2015,Sedan,Đã qua sử dụng,Nhập khẩu,76000,Hà Nội,Số tự động,Xăng
BMW 520i    2016,BMW,520i,16/11/2021,1290000000,2016,Sedan,Đã qua sử dụng,Nhập khẩu,60000,Hà Nội,Số tự động,Xăng
BMW 520i  2016,BMW,520i,22/10/2021,1190000000,2016,Sedan,Đã qua sử dụng,Nhập khẩu,40000,Hà Nội,Số tự động,Xăng
BMW 520i  2020,BMW,520i,12/10/2021,2445000000,2020,Sedan,Đã qua sử dụng,Nhập khẩu,2000,Hà Nội,Số tự động,Xăng
BMW 520i  2015,BMW,520i,08/10/2021,1235000000,2015,Sedan,Đã qua sử dụng,Nhập khẩu,62000,Hà Nội,Số tự động,Xăng
BMW 520i  2015,BMW,520i,30/09/2021,1155000000,2015,Sedan,Đã qua sử dụng,Nhập khẩu,580000,Hà Nội,Số tự động,Xăng
BMW X6  2008,BMW,X6,16/11/2021,650000000,2008,SUV,Đã qua sử dụng,Nhập khẩu,73000,Đồng Nai,Số tự động,Xăng
BMW X6  2008,BMW,X6,27/10/2021,626000000,2008,SUV,Đã qua sử dụng,Nhập khẩu,10000,Hà Nội,Số tự động,Xăng
BMW X6    2009,BMW,X6,01/10/2021,585000000,2009,SUV,Đã qua sử dụng,Nhập khẩu,85000,Tp.HCM,Số tự động,Xăng
BMW X6   3.0L xDrive35i 2008,BMW,X6,25/11/2021,640000000,2008,SUV,Đã qua sử dụng,Nhập khẩu,100000,Hà Nội,Số tự động,Xăng
BMW X6  2012,BMW,X6,03/11/2021,960000000,2012,SUV,Đã qua sử dụng,Nhập khẩu,70000,Đồng Nai,Số tự động,Xăng
BMW X3 xDrive20i 2021,BMW,X3,28/11/2021,2129000000,2021,SUV,Mới,Nhập khẩu,0,Hải Phòng,Số tự động,Xăng
BMW X3  2004,BMW,X3,29/11/2021,315000000,2004,SUV,Đã qua sử dụng,Nhập khẩu,112000,Bình Dương,Số tự động,Xăng
BMW X3  2012,BMW,X3,19/11/2021,720000000,2012,SUV,Đã qua sử dụng,Nhập khẩu,87000,Bình Dương,Số tự động,Xăng
BMW X3  2004,BMW,X3,16/11/2021,380000000,2004,SUV,Đã qua sử dụng,Nhập khẩu,210000,Tp.HCM,Số tự động,Xăng
BMW X3   xDrive20i 2020,BMW,X3,02/11/2021,2129000000,2020,SUV,Mới,Nhập khẩu,0,Tp.HCM,Số tự động,Xăng
BMW X3     2013,BMW,X3,06/10/2021,863000000,2013,SUV,Đã qua sử dụng,Nhập khẩu,72345,Tp.HCM,Số tự động,Xăng
BMW X3  2019,BMW,X3,05/10/2021,2450000000,2019,SUV,Đã qua sử dụng,Nhập khẩu,16000,Tp.HCM,Số tự động,Xăng
BMW X3  2014,BMW,X3,17/11/2021,1090000000,2014,SUV,Đã qua sử dụng,Trong nước,8000,Hà Nội,Số tự động,Diesel
BMW 730Li  2016,BMW,730Li,29/11/2021,2550000000,2016,Sedan,Đã qua sử dụng,Nhập khẩu,40000,Hà Nội,Số tự động,Xăng
BMW 730Li  7 Series   2016,BMW,730Li,27/11/2021,2450000000,2016,Sedan,Đã qua sử dụng,Nhập khẩu,40000,Hà Nội,Số tự động,Xăng
BMW 730Li  2014,BMW,730Li,05/11/2021,1550000000,2014,Sedan,Đã qua sử dụng,Nhập khẩu,80000,Hà Nội,Số tự động,Xăng
BMW 730Li     2013,BMW,730Li,03/11/2021,1400000000,2013,Sedan,Đã qua sử dụng,Nhập khẩu,230000,Hà Nội,Số tự động,Xăng
BMW 730Li  2011,BMW,730Li,02/11/2021,1100000000,2011,Sedan,Đã qua sử dụng,Nhập khẩu,20000,Thái Nguyên,Số tự động,Xăng
BMW 528i  2015,BMW,528i,20/10/2021,1400000000,2015,Sedan,Đã qua sử dụng,Nhập khẩu,40000,Tp.HCM,Số tự động,Xăng
BMW 528i  5 Series  GT  2015,BMW,528i,05/10/2021,1400000000,2015,Sedan,Đã qua sử dụng,Nhập khẩu,40000,Tp.HCM,Số tự động,Xăng
BMW 528i  2018,BMW,528i,04/10/2021,1800000000,2018,Sedan,Đã qua sử dụng,Nhập khẩu,70000,Hà Nội,Số tự động,Xăng
BMW 528i  2017,BMW,528i,10/11/2021,1530000000,2017,Sedan,Đã qua sử dụng,Nhập khẩu,59000,Tp.HCM,Số tự động,Xăng
BMW 528i  2013,BMW,528i,04/11/2021,999000000,2013,Sedan,Đã qua sử dụng,Nhập khẩu,60000,Hà Nội,Số tự động,Xăng
BMW 528i    2011,BMW,528i,03/11/2021,750000000,2011,Sedan,Đã qua sử dụng,Nhập khẩu,88000,Tp.HCM,Số tự động,Xăng
BMW 528i  2017,BMW,528i,03/11/2021,1760000000,2017,Sedan,Đã qua sử dụng,Nhập khẩu,51000,Hà Nội,Số tự động,Xăng
BMW 528i     2015,BMW,528i,26/10/2021,1380000000,2015,Sedan,Đã qua sử dụng,Nhập khẩu,48000,Hà Nội,Số tự động,Xăng
BMW X4   xDrive20i 2018,BMW,X4,25/11/2021,2399000000,2018,SUV,Đã qua sử dụng,Nhập khẩu,23000,Hà Nội,Số tự động,Xăng
BMW X4   2.0 Xline 2016,BMW,X4,24/10/2021,1567000000,2016,SUV,Đã qua sử dụng,Nhập khẩu,50000,Tp.HCM,Số tự động,Xăng
BMW X4    2017,BMW,X4,25/11/2021,1980000000,2017,SUV,Đã qua sử dụng,Nhập khẩu,60000,Hà Nội,Số tự động,Xăng
BMW X4   X-Line 2019,BMW,X4,17/11/2021,2439000000,2019,SUV,Đã qua sử dụng,Nhập khẩu,14000,Hà Nội,Số tự động,Xăng
BMW X4   Xdrive 20i 2019,BMW,X4,17/11/2021,2439000000,2019,SUV,Đã qua sử dụng,Nhập khẩu,14000,Hà Nội,Số tự động,Xăng
BMW X4     2021,BMW,X4,05/11/2021,3079000000,2021,SUV,Mới,Nhập khẩu,0,Hà Nội,Số tự động,Xăng
BMW 325i  2005,BMW,325i,15/11/2021,235000000,2005,Sedan,Đã qua sử dụng,Nhập khẩu,110000,Hà Nội,Số tự động,Xăng
BMW 325i  2010,BMW,325i,10/11/2021,420000000,2010,Sedan,Đã qua sử dụng,Nhập khẩu,86000,Tp.HCM,Số tự động,Xăng
BMW 325i  2005,BMW,325i,05/11/2021,260000000,2005,Sedan,Đã qua sử dụng,Trong nước,160000,Hà Nội,Số tự động,Xăng
BMW 325i   2010,BMW,325i,24/10/2021,395000000,2010,Sedan,Đã qua sử dụng,Nhập khẩu,120000,Hà Nội,Số tự động,Xăng
BMW 325i  2005,BMW,325i,05/10/2021,320000000,2005,Sedan,Đã qua sử dụng,Nhập khẩu,150000,Tp.HCM,Số tự động,Xăng
BMW 750Li  2009,BMW,750Li,14/10/2021,870000000,2009,Sedan,Đã qua sử dụng,Nhập khẩu,100000,Tp.HCM,Số tự động,Xăng
BMW 750Li  2005,BMW,750Li,14/10/2021,399000000,2005,Sedan,Đã qua sử dụng,Nhập khẩu,98000,Tp.HCM,Số tự động,Xăng
BMW 750Li  2010,BMW,750Li,04/10/2021,850000000,2010,Sedan,Đã qua sử dụng,Nhập khẩu,100000,Hà Nội,Số tự động,Xăng
BMW 740Li     2010,BMW,740Li,05/11/2021,970000000,2010,Sedan,Đã qua sử dụng,Nhập khẩu,70000,Hà Nội,Số tự động,Xăng
BMW 740Li   2010,BMW,740Li,09/10/2021,799000000,2010,Sedan,Đã qua sử dụng,Nhập khẩu,72000,Tp.HCM,Số tự động,Xăng
BMW 740Li  2010,BMW,740Li,06/11/2021,970000000,2010,Sedan,Đã qua sử dụng,Nhập khẩu,50000,Hà Nội,Số tự động,Xăng
BMW X7  2020,BMW,X7,14/11/2021,6499000000,2020,SUV,Đã qua sử dụng,Nhập khẩu,18000,Tp.HCM,Số hỗn hợp,Xăng
BMW X7    2020,BMW,X7,13/11/2021,6499000000,2020,SUV,Đã qua sử dụng,Nhập khẩu,18000,Tp.HCM,Số tự động,Xăng
BMW X7   M-Sport  2020,BMW,X7,10/11/2021,5739000000,2020,SUV,Đã qua sử dụng,Nhập khẩu,4899,Hà Nội,Số tự động,Xăng
BMW X7 xDrive40i Pure Excellence 2021,BMW,X7,06/11/2021,6660000000,2021,SUV,Mới,Nhập khẩu,0,Hà Nội,Số tự động,Xăng
BMW X7  2020,BMW,X7,22/10/2021,5889000000,2020,SUV,Đã qua sử dụng,Nhập khẩu,4800,Hà Nội,Số tự động,Xăng
BMW X7  2020,BMW,X7,18/10/2021,5889000000,2020,SUV,Đã qua sử dụng,Nhập khẩu,4700,Hà Nội,Số tự động,Xăng
BMW X7   xDrive40i M Sport  2019,BMW,X7,14/10/2021,6250000000,2019,SUV,Đã qua sử dụng,Nhập khẩu,16000,Hà Nội,Số tự động,Xăng
BMW X7  2020,BMW,X7,02/10/2021,6190000000,2020,SUV,Đã qua sử dụng,Nhập khẩu,16000,Hà Nội,Số tự động,Xăng
BMW 328i  2015,BMW,328i,29/11/2021,969000000,2015,Sedan,Đã qua sử dụng,Nhập khẩu,80000,Tp.HCM,Số tự động,Xăng
BMW 328i    2012,BMW,328i,18/10/2021,805000000,2012,Sedan,Đã qua sử dụng,Nhập khẩu,62000,Lâm Đồng,Số tự động,Xăng
BMW 328i   2008,BMW,328i,30/09/2021,790000000,2008,Coupe,Đã qua sử dụng,Nhập khẩu,41000,Tp.HCM,Số tự động,Xăng
BMW 523i    2007,BMW,523i,21/10/2021,470000000,2007,Sedan,Đã qua sử dụng,Nhập khẩu,90000,Hà Nội,Số tự động,Xăng
BMW 523i    2009,BMW,523i,23/11/2021,500000000,2009,Sedan,Đã qua sử dụng,Nhập khẩu,156000,Quảng Ninh,Số tự động,Xăng
BMW 523i  2010,BMW,523i,03/11/2021,690000000,2010,Sedan,Đã qua sử dụng,Nhập khẩu,47000,Tp.HCM,Số tự động,Xăng
BMW 523i   2011,BMW,523i,12/10/2021,680000000,2011,Sedan,Đã qua sử dụng,Nhập khẩu,10000,Hà Nội,Số tự động,Xăng
BMW X1    2021,BMW,X1,16/11/2021,1859000000,2021,SUV,Mới,Nhập khẩu,0,Đắk Lắk,Số tự động,Xăng
BMW X1  2011,BMW,X1,09/11/2021,520000000,2011,SUV,Đã qua sử dụng,Nhập khẩu,58000,Tp.HCM,Số tự động,Xăng
BMW X1  2016,BMW,X1,21/10/2021,869000000,2016,SUV,Đã qua sử dụng,Nhập khẩu,70400,Đà Nẵng,Số tự động,Xăng
BMW X1  2010,BMW,X1,11/10/2021,485000000,2010,SUV,Đã qua sử dụng,Nhập khẩu,100000,Tp.HCM,Số tự động,Xăng
BMW X1  2011,BMW,X1,08/10/2021,439000000,2011,SUV,Đã qua sử dụng,Nhập khẩu,85000,Tp.HCM,Số tự động,Xăng
BMW X1  2010,BMW,X1,07/10/2021,520000000,2010,SUV,Đã qua sử dụng,Nhập khẩu,96000,Tp.HCM,Số tự động,Xăng
BMW 428i   2015,BMW,428i,27/11/2021,1288000000,2015,Sedan,Đã qua sử dụng,Nhập khẩu,45000,Hà Nội,Số tự động,Xăng
BMW 535i  2013,BMW,535i,22/10/2021,1139000000,2013,Sedan,Đã qua sử dụng,Nhập khẩu,28000,Tp.HCM,Số tự động,Xăng
BMW 535i    2013,BMW,535i,05/10/2021,1099000000,2013,Sedan,Đã qua sử dụng,Nhập khẩu,45000,Hà Nội,Số tự động,Xăng
BMW 535i    2015,BMW,535i,05/10/2021,1250000000,2015,Sedan,Đã qua sử dụng,Nhập khẩu,40000,Hải Phòng,Số tự động,Xăng
BMW 420i     2018,BMW,420i,22/11/2021,1515000000,2018,Sedan,Đã qua sử dụng,Nhập khẩu,19000,Hà Nội,Số tự động,Xăng
BMW 420i  2019,BMW,420i,25/10/2021,2699000000,2019,Convertible,Đã qua sử dụng,Nhập khẩu,9000,Hà Nội,Số tự động,Xăng
BMW 420i  2019,BMW,420i,27/10/2021,2699000000,2019,Convertible,Đã qua sử dụng,Nhập khẩu,9000,Hà Nội,Số tự động,Xăng
BMW Z4  2010,BMW,Z4,26/11/2021,1380000000,2010,Convertible,Đã qua sử dụng,Trong nước,22000,Tp.HCM,Số tự động,Xăng
BMW Z4  2020,BMW,Z4,29/11/2021,3550000000,2020,Convertible,Đã qua sử dụng,Nhập khẩu,900000,Hà Nội,Số tự động,Xăng
BMW Z4     2020,BMW,Z4,03/11/2021,3600000000,2020,Convertible,Đã qua sử dụng,Nhập khẩu,3000,Tp.HCM,Số tự động,Xăng
BMW 318i  2005,BMW,318i,18/11/2021,180000000,2005,Sedan,Đã qua sử dụng,Trong nước,160000,Hà Nội,Số tự động,Xăng
BMW 318i    2002,BMW,318i,05/10/2021,160000000,2002,Sedan,Đã qua sử dụng,Trong nước,234568,Tiền Giang,Số tay,Xăng
BMW 430i  2016,BMW,430i,29/11/2021,1860000000,2016,Convertible,Đã qua sử dụng,Nhập khẩu,30000,Hà Nội,Số tự động,Xăng
BMW X2   2018,BMW,X2,12/11/2021,1439000000,2018,CUV,Đã qua sử dụng,Nhập khẩu,17000,Hà Nội,Số tự động,Xăng
BMW X2     2017,BMW,X2,12/11/2021,1438000000,2017,CUV,Đã qua sử dụng,Nhập khẩu,17000,Hà Nội,Số tự động,Xăng
BMW X2    2017,BMW,X2,12/11/2021,1438000000,2017,CUV,Đã qua sử dụng,Nhập khẩu,30000,Hà Nội,Số tự động,Xăng
BMW X2  2018,BMW,X2,11/11/2021,1438000000,2018,SUV,Đã qua sử dụng,Nhập khẩu,18000,Hà Nội,Số tự động,Xăng
BMW M3  2014,BMW,M3,28/11/2021,745000000,2014,Sedan,Đã qua sử dụng,Nhập khẩu,55000,Tp.HCM,Số hỗn hợp,Xăng
BMW M3  2016,BMW,M3,28/11/2021,3890000000,2016,Sedan,Đã qua sử dụng,Nhập khẩu,7899,Tp.HCM,Số tự động,Xăng
BMW M3    1993,BMW,M3,16/11/2021,290000000,1993,Sedan,Đã qua sử dụng,Nhập khẩu,100000,Tp.HCM,Số tay,Xăng
BMW 116i  2013,BMW,116i,06/10/2021,599000000,2013,Hatchback,Đã qua sử dụng,Nhập khẩu,4000,Hà Nội,Số tự động,Xăng
BMW 116i  2013,BMW,116i,01/10/2021,599000000,2013,Hatchback,Đã qua sử dụng,Nhập khẩu,45000,Hà Nội,Số tự động,Xăng
BMW 525i  2004,BMW,525i,29/11/2021,199000000,2004,Sedan,Đã qua sử dụng,Nhập khẩu,112000,Tp.HCM,Số tự động,Xăng
BMW 525i  2008,BMW,525i,07/11/2021,300000000,2008,Sedan,Đã qua sử dụng,Nhập khẩu,120000,Hà Nội,Số tự động,Xăng
BMW i8  2003,BMW,i8,07/10/2021,157000000,2003,Sedan,Đã qua sử dụng,Trong nước,11190,Đồng Nai,Số tự động,Xăng
BMW M4   2017,BMW,M4,29/11/2021,3999000000,2017,Coupe,Đã qua sử dụng,Nhập khẩu,44000,Tp.HCM,Số tự động,Xăng
BMW M4  2016,BMW,M4,07/11/2021,3980000000,2016,Sport Car,Đã qua sử dụng,Nhập khẩu,38000,Tp.HCM,Số tự động,Xăng
BMW i3  2013,BMW,i3,12/11/2021,1480000000,2013,Sedan,Đã qua sử dụng,Nhập khẩu,60000,Hà Nội,Số tự động,Xăng
Chevrolet Spark  2009,Chevrolet,Spark,28/11/2021,95000000,2009,Hatchback,Đã qua sử dụng,Trong nước,90000,Bình Dương,Số tay,Xăng
Chevrolet Spark LT 2018,Chevrolet,Spark,27/11/2021,171000000,2018,Hatchback,Đã qua sử dụng,Trong nước,50000,Hà Nội,Số tay,Xăng
Chevrolet Spark Van 2011,Chevrolet,Spark,29/11/2021,78000000,2011,Hatchback,Đã qua sử dụng,Trong nước,100000,Tp.HCM,Số tay,Xăng
Chevrolet Spark  2008,Chevrolet,Spark,29/11/2021,130000000,2008,Hatchback,Đã qua sử dụng,Trong nước,15088,Tiền Giang,Số tự động,Xăng
Chevrolet Spark  2010,Chevrolet,Spark,29/11/2021,125000000,2010,Hatchback,Đã qua sử dụng,Trong nước,109000,Đồng Nai,Số tay,Xăng
Chevrolet Spark  2011,Chevrolet,Spark,29/11/2021,155000000,2011,Hatchback,Đã qua sử dụng,Trong nước,68000,Đồng Nai,Số tay,Xăng
Chevrolet Spark   Van   2011,Chevrolet,Spark,29/11/2021,85000000,2011,Hatchback,Đã qua sử dụng,Trong nước,14000,Hà Nội,Số tay,Xăng
Chevrolet Spark AT 2015,Chevrolet,Spark,29/11/2021,220000000,2015,Hatchback,Đã qua sử dụng,Trong nước,75000,Hà Nội,Số tự động,Xăng
Chevrolet Spark  2011,Chevrolet,Spark,29/11/2021,119000000,2011,Hatchback,Đã qua sử dụng,Trong nước,87000,Bình Dương,Số tay,Xăng
Chevrolet Spark  2009,Chevrolet,Spark,29/11/2021,77000000,2009,Hatchback,Đã qua sử dụng,Trong nước,120000,Nghệ An,Số tay,Xăng
Chevrolet Spark  2010,Chevrolet,Spark,26/11/2021,83000000,2010,Hatchback,Đã qua sử dụng,Trong nước,767056,Tiền Giang,Số tay,Xăng
Chevrolet Spark   2013,Chevrolet,Spark,26/11/2021,130000000,2013,Hatchback,Đã qua sử dụng,Trong nước,300000,Hà Nội,Số tay,Xăng
Chevrolet Spark  2009,Chevrolet,Spark,26/11/2021,79000000,2009,Hatchback,Đã qua sử dụng,Trong nước,25421,Đồng Nai,Số tay,Xăng
Chevrolet Spark   LT 2017,Chevrolet,Spark,25/11/2021,198000000,2017,Hatchback,Đã qua sử dụng,Trong nước,52000,Tp.HCM,Số tay,Xăng
Chevrolet Spark Van 2011,Chevrolet,Spark,24/11/2021,115000000,2011,Hatchback,Đã qua sử dụng,Nhập khẩu,200000,Hà Nội,Số tay,Xăng
Chevrolet Spark MT 2010,Chevrolet,Spark,24/11/2021,95000000,2010,Hatchback,Đã qua sử dụng,Trong nước,120000,Hải Phòng,Số tay,Xăng
Chevrolet Spark  2010,Chevrolet,Spark,24/11/2021,115000000,2010,Hatchback,Đã qua sử dụng,Trong nước,95000,Tp.HCM,Số tự động,Xăng
Chevrolet Spark  2014,Chevrolet,Spark,23/11/2021,245000000,2014,Hatchback,Đã qua sử dụng,Trong nước,35000,Bình Định,Số tự động,Xăng
Chevrolet Spark  2017,Chevrolet,Spark,23/11/2021,170000000,2017,Hatchback,Đã qua sử dụng,Trong nước,125000,Tp.HCM,Số tay,Xăng
Chevrolet Spark    2016,Chevrolet,Spark,23/11/2021,245000000,2016,Hatchback,Đã qua sử dụng,Trong nước,16000,Gia Lai,Số tay,Xăng
Chevrolet Spark  2010,Chevrolet,Spark,23/11/2021,85000000,2010,Hatchback,Đã qua sử dụng,Nhập khẩu,10000,Bình Dương,Số tay,Xăng
Chevrolet Spark  Van 2017,Chevrolet,Spark,22/11/2021,160000000,2017,Hatchback,Đã qua sử dụng,Trong nước,9000,Hà Nội,Số tay,Xăng
Chevrolet Spark     2015,Chevrolet,Spark,22/11/2021,215000000,2015,Hatchback,Đã qua sử dụng,Trong nước,41000,Tp.HCM,Số tự động,Xăng
Chevrolet Spark  2009,Chevrolet,Spark,19/11/2021,135000000,2009,Hatchback,Đã qua sử dụng,Trong nước,100000,Tiền Giang,Số tay,Xăng
Chevrolet Spark  2018,Chevrolet,Spark,19/11/2021,179000000,2018,Hatchback,Đã qua sử dụng,Nhập khẩu,10200,Cần Thơ,Số tay,Xăng
Chevrolet Spark   2012,Chevrolet,Spark,18/11/2021,90000000,2012,Hatchback,Đã qua sử dụng,Trong nước,37000,Tp.HCM,Số tay,Xăng
Chevrolet Spark  2009,Chevrolet,Spark,18/11/2021,82000000,2009,Hatchback,Đã qua sử dụng,Trong nước,800000,Hải Dương,Số tay,Xăng
Chevrolet Spark  2011,Chevrolet,Spark,15/11/2021,90000000,2011,Hatchback,Đã qua sử dụng,Trong nước,18000,Hải Phòng,Số tay,Xăng
Chevrolet Spark Van 2 chỗ 2014,Chevrolet,Spark,12/11/2021,130000000,2014,Hatchback,Đã qua sử dụng,Trong nước,200000,Tp.HCM,Số tay,Xăng
Chevrolet Spark  2018,Chevrolet,Spark,12/11/2021,225000000,2018,Hatchback,Đã qua sử dụng,Nhập khẩu,75000,Bình Dương,Số tay,Xăng
Chevrolet Spark  2009,Chevrolet,Spark,12/11/2021,93000000,2009,Hatchback,Đã qua sử dụng,Nhập khẩu,150000,Tp.HCM,Số tay,Xăng
Chevrolet Spark  2008,Chevrolet,Spark,12/11/2021,74000000,2008,Hatchback,Đã qua sử dụng,Trong nước,350000,Bắc Ninh,Số tay,Xăng
Chevrolet Spark  2010,Chevrolet,Spark,11/11/2021,75000000,2010,Hatchback,Đã qua sử dụng,Trong nước,90000,Đồng Nai,Số tay,Xăng
Chevrolet Spark Van 2009,Chevrolet,Spark,11/11/2021,79000000,2009,Hatchback,Đã qua sử dụng,Nhập khẩu,50000,Đà Nẵng,Số tay,Xăng
Chevrolet Spark  2016,Chevrolet,Spark,10/11/2021,168000000,2016,Hatchback,Đã qua sử dụng,Trong nước,48000,Hậu Giang,Số tay,Xăng
Chevrolet Spark  2011,Chevrolet,Spark,08/11/2021,80000000,2011,Hatchback,Đã qua sử dụng,Trong nước,1000,Bình Dương,Số tay,Xăng
Chevrolet Spark  2015,Chevrolet,Spark,06/11/2021,209000000,2015,Hatchback,Đã qua sử dụng,Nhập khẩu,50000,Hà Nội,Số tự động,Xăng
Chevrolet Spark  2018,Chevrolet,Spark,06/11/2021,235000000,2018,Hatchback,Đã qua sử dụng,Trong nước,15000,Đồng Nai,Số tay,Xăng
Chevrolet Spark Van 2016,Chevrolet,Spark,06/11/2021,165000000,2016,Hatchback,Đã qua sử dụng,Trong nước,69000,Tp.HCM,Số tay,Xăng
Chevrolet Spark    2009,Chevrolet,Spark,06/11/2021,155000000,2009,Hatchback,Đã qua sử dụng,Nhập khẩu,10000,Đồng Nai,Số tay,Xăng
Chevrolet Spark LS 2009,Chevrolet,Spark,06/11/2021,80000000,2009,Hatchback,Đã qua sử dụng,Trong nước,45000,Tp.HCM,Số tay,Xăng
Chevrolet Spark    2012,Chevrolet,Spark,04/11/2021,79000000,2012,Hatchback,Đã qua sử dụng,Trong nước,80000,Vĩnh Phúc,Số tay,Xăng
Chevrolet Spark  2014,Chevrolet,Spark,04/11/2021,219000000,2014,Hatchback,Đã qua sử dụng,Trong nước,80000,Bình Định,Số tự động,Xăng
Chevrolet Spark   LTZ 1.0 AT 2014,Chevrolet,Spark,03/11/2021,210000000,2014,Hatchback,Đã qua sử dụng,Trong nước,81000,Quảng Bình,Số tự động,Xăng
Chevrolet Spark     2011,Chevrolet,Spark,29/10/2021,155000000,2011,Hatchback,Đã qua sử dụng,Trong nước,68521,Đồng Nai,Số tay,Xăng
Chevrolet Spark   Van 2013,Chevrolet,Spark,27/10/2021,150000000,2013,Hatchback,Đã qua sử dụng,Nhập khẩu,90000,Hải Dương,Số tự động,Xăng
Chevrolet Spark  2009,Chevrolet,Spark,27/10/2021,90000000,2009,Hatchback,Đã qua sử dụng,Nhập khẩu,200000,Hưng Yên,Số tay,Xăng
Chevrolet Spark  2016,Chevrolet,Spark,25/10/2021,170000000,2016,Hatchback,Đã qua sử dụng,Trong nước,70000,Bình Dương,Số tay,Xăng
Chevrolet Spark   LTZ  2014,Chevrolet,Spark,24/10/2021,205000000,2014,Hatchback,Đã qua sử dụng,Trong nước,56000,Khánh Hòa,Số tự động,Xăng
Chevrolet Spark Van 2016,Chevrolet,Spark,21/10/2021,159000000,2016,Hatchback,Đã qua sử dụng,Trong nước,48000,Hậu Giang,Số tay,Xăng
Chevrolet Spark   MT  2012,Chevrolet,Spark,21/10/2021,115000000,2012,Hatchback,Đã qua sử dụng,Trong nước,45000,Hà Nội,Số tay,Xăng
Chevrolet Spark  2009,Chevrolet,Spark,21/10/2021,89000000,2009,Hatchback,Đã qua sử dụng,Nhập khẩu,79000,Đà Nẵng,Số tay,Xăng
Chevrolet Spark Van 2 chỗ 2010,Chevrolet,Spark,21/10/2021,100000000,2010,Hatchback,Đã qua sử dụng,Nhập khẩu,65528,Đồng Tháp,Số tay,Xăng
Chevrolet Spark  2016,Chevrolet,Spark,21/10/2021,180000000,2016,Hatchback,Đã qua sử dụng,Trong nước,100000,Tp.HCM,Số tay,Xăng
Chevrolet Spark  2014,Chevrolet,Spark,21/10/2021,120000000,2014,Hatchback,Đã qua sử dụng,Trong nước,69000,Đắk Lắk,Số tay,Xăng
Chevrolet Spark Van 2018,Chevrolet,Spark,21/10/2021,195000000,2018,Hatchback,Đã qua sử dụng,Trong nước,60000,Tây Ninh,Số tay,Xăng
Chevrolet Spark  2009,Chevrolet,Spark,19/10/2021,85000000,2009,Hatchback,Đã qua sử dụng,Nhập khẩu,75846,Bình Dương,Số tay,Xăng
Chevrolet Spark  2010,Chevrolet,Spark,16/10/2021,178000000,2010,Hatchback,Đã qua sử dụng,Nhập khẩu,123456,Quảng Bình,Số tự động,Xăng
Chevrolet Spark    2011,Chevrolet,Spark,15/10/2021,75000000,2011,Hatchback,Đã qua sử dụng,Trong nước,11000,Khánh Hòa,Số tay,Xăng
Chevrolet Spark   2013,Chevrolet,Spark,14/10/2021,220000000,2013,Hatchback,Đã qua sử dụng,Trong nước,66000,Đà Nẵng,Số tự động,Xăng
Chevrolet Spark   Van  2009,Chevrolet,Spark,11/10/2021,88000000,2009,Hatchback,Đã qua sử dụng,Trong nước,170000,Cần Thơ,Số tay,Xăng
Chevrolet Spark     2018,Chevrolet,Spark,08/10/2021,180000000,2018,Hatchback,Đã qua sử dụng,Trong nước,42000,Bà Rịa Vũng Tàu,Số tay,Xăng
Chevrolet Spark   2009,Chevrolet,Spark,08/10/2021,75000000,2009,Hatchback,Đã qua sử dụng,Trong nước,100000,Bình Phước,Số tay,Xăng
Chevrolet Spark  2009,Chevrolet,Spark,08/10/2021,98000000,2009,Hatchback,Đã qua sử dụng,Nhập khẩu,78000,Cần Thơ,Số tay,Xăng
Chevrolet Spark  2018,Chevrolet,Spark,07/10/2021,210000000,2018,Hatchback,Đã qua sử dụng,Trong nước,60000,Bình Phước,Số tay,Xăng
Chevrolet Spark  2015,Chevrolet,Spark,06/10/2021,195000000,2015,Hatchback,Đã qua sử dụng,Trong nước,115000,Cần Thơ,Số tay,Xăng
Chevrolet Spark  2010,Chevrolet,Spark,05/10/2021,85000000,2010,Hatchback,Đã qua sử dụng,Trong nước,50000,Hải Phòng,Số tay,Xăng
Chevrolet Spark Van 2 chỗ 2011,Chevrolet,Spark,05/10/2021,145000000,2011,Hatchback,Đã qua sử dụng,Nhập khẩu,95000,Cần Thơ,Số tự động,Xăng
Chevrolet Spark Van 2009,Chevrolet,Spark,05/10/2021,75000000,2009,Hatchback,Đã qua sử dụng,Nhập khẩu,55000,Nghệ An,Số tay,Xăng
Chevrolet Spark  2011,Chevrolet,Spark,03/10/2021,86000000,2011,Hatchback,Đã qua sử dụng,Trong nước,12345,Bắc Ninh,Số tay,Xăng
Chevrolet Spark  2009,Chevrolet,Spark,02/10/2021,110000000,2009,Hatchback,Đã qua sử dụng,Trong nước,1379,Bình Phước,Số tay,Xăng
Chevrolet Spark Van 2013,Chevrolet,Spark,30/09/2021,110000000,2013,Hatchback,Đã qua sử dụng,Trong nước,130000,Vĩnh Long,Số tay,Xăng
Chevrolet Spark    2011,Chevrolet,Spark,28/11/2021,85000000,2011,Hatchback,Đã qua sử dụng,Trong nước,14000,Hà Nội,Số tay,Xăng
Chevrolet Spark  2011,Chevrolet,Spark,27/11/2021,105000000,2011,Hatchback,Đã qua sử dụng,Nhập khẩu,123456,Hải Phòng,Số tay,Xăng
Chevrolet Spark  2009,Chevrolet,Spark,25/11/2021,85000000,2009,Hatchback,Đã qua sử dụng,Trong nước,180000,Hà Nội,Số tay,Xăng
Chevrolet Spark   LS 1.2 MT   2018,Chevrolet,Spark,25/11/2021,185000000,2018,Hatchback,Đã qua sử dụng,Trong nước,68000,Hà Nội,Số tay,Xăng
Chevrolet Spark   LTZ   2013,Chevrolet,Spark,25/11/2021,205000000,2013,Hatchback,Đã qua sử dụng,Trong nước,55000,Hà Nội,Số tự động,Xăng
Chevrolet Spark     2017,Chevrolet,Spark,25/11/2021,185000000,2017,Hatchback,Đã qua sử dụng,Trong nước,60000,Hà Nội,Số tay,Xăng
Chevrolet Spark  2011,Chevrolet,Spark,24/11/2021,126000000,2011,Hatchback,Đã qua sử dụng,Trong nước,90000,Bình Dương,Số tay,Xăng
Chevrolet Spark  2008,Chevrolet,Spark,23/11/2021,155000000,2008,Hatchback,Đã qua sử dụng,Nhập khẩu,90000,Bà Rịa Vũng Tàu,Số tự động,Xăng
Chevrolet Spark   LTZ 1.0 AT 2014,Chevrolet,Spark,11/11/2021,195000000,2014,Hatchback,Đã qua sử dụng,Trong nước,78000,Bà Rịa Vũng Tàu,Số tự động,Xăng
Chevrolet Spark   2012,Chevrolet,Spark,09/11/2021,159000000,2012,Hatchback,Đã qua sử dụng,Nhập khẩu,53230,Hà Nội,Số tự động,Xăng
Chevrolet Spark   LS 1.0 MT   2014,Chevrolet,Spark,03/11/2021,155000000,2014,Hatchback,Đã qua sử dụng,Trong nước,100000,Thanh Hóa,Số tay,Xăng
Chevrolet Spark  2009,Chevrolet,Spark,02/11/2021,120000000,2009,Hatchback,Đã qua sử dụng,Trong nước,120000,Bình Dương,Số tay,Xăng
Chevrolet Spark  2014,Chevrolet,Spark,02/11/2021,230000000,2014,Hatchback,Đã qua sử dụng,Trong nước,63000,Tp.HCM,Số tự động,Xăng
Chevrolet Spark   Van 0.8 MT 2008,Chevrolet,Spark,26/10/2021,65000000,2008,Hatchback,Đã qua sử dụng,Trong nước,110000,Hà Nội,Số tay,Xăng
Chevrolet Spark   2014,Chevrolet,Spark,26/10/2021,225000000,2014,Hatchback,Đã qua sử dụng,Trong nước,63000,Tp.HCM,Số tự động,Xăng
Chevrolet Spark   Zest 1.0  2015,Chevrolet,Spark,15/10/2021,255000000,2015,Hatchback,Đã qua sử dụng,Trong nước,35000,Tp.HCM,Số tự động,Xăng
Chevrolet Spark   LTZ 1.0 AT Zest 2015,Chevrolet,Spark,12/10/2021,235000000,2015,Hatchback,Đã qua sử dụng,Trong nước,60000,Lạng Sơn,Số tự động,Xăng
Chevrolet Spark  2012,Chevrolet,Spark,02/10/2021,135000000,2012,Hatchback,Đã qua sử dụng,Nhập khẩu,80000,Hải Phòng,Số tự động,Xăng
Chevrolet Spark   Lite Van 0.8 MT 2015,Chevrolet,Spark,30/09/2021,115000000,2015,Hatchback,Đã qua sử dụng,Trong nước,60000,Vĩnh Phúc,Số tay,Xăng
Chevrolet Cruze  2009,Chevrolet,Cruze,28/11/2021,196000000,2009,Sedan,Đã qua sử dụng,Nhập khẩu,120000,Hà Nội,Số tay,Xăng
Chevrolet Cruze 1.6MT 2017,Chevrolet,Cruze,29/11/2021,350000000,2017,Sedan,Đã qua sử dụng,Trong nước,40000,Hà Nội,Số tay,Xăng
Chevrolet Cruze  2010,Chevrolet,Cruze,29/11/2021,215000000,2010,Sedan,Đã qua sử dụng,Trong nước,151265,Hải Phòng,Số tay,Xăng
Chevrolet Cruze  2013,Chevrolet,Cruze,29/11/2021,245000000,2013,Sedan,Đã qua sử dụng,Trong nước,190000,Cần Thơ,Số tay,Xăng
Chevrolet Cruze  2013,Chevrolet,Cruze,26/11/2021,263000000,2013,Sedan,Đã qua sử dụng,Trong nước,90000,Quảng Nam,Số tay,Xăng
Chevrolet Cruze  2017,Chevrolet,Cruze,25/11/2021,350000000,2017,Sedan,Đã qua sử dụng,Trong nước,97000,Tp.HCM,Số tay,Xăng
Chevrolet Cruze  2017,Chevrolet,Cruze,24/11/2021,320000000,2017,Sedan,Đã qua sử dụng,Nhập khẩu,150000,Tp.HCM,Số tay,Xăng
Chevrolet Cruze     2011,Chevrolet,Cruze,23/11/2021,280000000,2011,Sedan,Đã qua sử dụng,Nhập khẩu,102000,Tp.HCM,Số tự động,Xăng
Chevrolet Cruze  2012,Chevrolet,Cruze,23/11/2021,253000000,2012,Sedan,Đã qua sử dụng,Trong nước,72000,Đắk Lắk,Số tay,Xăng
Chevrolet Cruze  2013,Chevrolet,Cruze,23/11/2021,280000000,2013,Sedan,Đã qua sử dụng,Trong nước,197000,Đà Nẵng,Số tay,Xăng
Chevrolet Cruze  2010,Chevrolet,Cruze,22/11/2021,230000000,2010,Sedan,Đã qua sử dụng,Trong nước,2224,Gia Lai,Số tay,Xăng
Chevrolet Cruze  2015,Chevrolet,Cruze,22/11/2021,300000000,2015,Sedan,Đã qua sử dụng,Trong nước,97000,Tp.HCM,Số tay,Xăng
Chevrolet Cruze  2016,Chevrolet,Cruze,19/11/2021,310000000,2016,Sedan,Đã qua sử dụng,Nhập khẩu,60000,Đà Nẵng,Số tay,Xăng
Chevrolet Cruze  2015,Chevrolet,Cruze,18/11/2021,295000000,2015,Sedan,Đã qua sử dụng,Trong nước,118000,Đắk Nông,Số tay,Xăng
Chevrolet Cruze  2011,Chevrolet,Cruze,17/11/2021,250000000,2011,Sedan,Đã qua sử dụng,Nhập khẩu,180000,Cần Thơ,Số tay,Xăng
Chevrolet Cruze   2014,Chevrolet,Cruze,16/11/2021,255000000,2014,Sedan,Đã qua sử dụng,Trong nước,88000,Đắk Lắk,Số tay,Xăng
Chevrolet Cruze  2011,Chevrolet,Cruze,12/11/2021,260000000,2011,Sedan,Đã qua sử dụng,Nhập khẩu,67000,Đà Nẵng,Số tự động,Xăng
Chevrolet Cruze  2012,Chevrolet,Cruze,11/11/2021,310000000,2012,Sedan,Đã qua sử dụng,Nhập khẩu,69000,Bình Dương,Số tự động,Xăng
Chevrolet Cruze   2013,Chevrolet,Cruze,11/11/2021,305000000,2013,Sedan,Đã qua sử dụng,Nhập khẩu,89000,Đồng Nai,Số tự động,Xăng
Chevrolet Cruze  2016,Chevrolet,Cruze,11/11/2021,385000000,2016,Sedan,Đã qua sử dụng,Nhập khẩu,700000,Đắk Lắk,Số tự động,Xăng
Chevrolet Cruze   LT  2016,Chevrolet,Cruze,11/11/2021,289000000,2016,Sedan,Đã qua sử dụng,Trong nước,60000,Tiền Giang,Số tay,Xăng
Chevrolet Cruze  2017,Chevrolet,Cruze,09/11/2021,360000000,2017,Sedan,Đã qua sử dụng,Trong nước,76000,Đồng Nai,Số tay,Xăng
Chevrolet Cruze  2010,Chevrolet,Cruze,05/11/2021,223000000,2010,Sedan,Đã qua sử dụng,Trong nước,120000,Bình Dương,Số tay,Xăng
Chevrolet Cruze  2015,Chevrolet,Cruze,27/10/2021,340000000,2015,Sedan,Đã qua sử dụng,Trong nước,6400,Đồng Nai,Số tay,Xăng
Chevrolet Cruze  2011,Chevrolet,Cruze,26/10/2021,235000000,2011,Sedan,Đã qua sử dụng,Trong nước,100000,Hải Phòng,Số tay,Xăng
Chevrolet Cruze  2011,Chevrolet,Cruze,26/10/2021,220000000,2011,Sedan,Đã qua sử dụng,Nhập khẩu,47000,Bình Dương,Số tay,Xăng
Chevrolet Cruze  LT 2018,Chevrolet,Cruze,25/10/2021,370000000,2018,Sedan,Đã qua sử dụng,Trong nước,56000,Bình Phước,Số tay,Xăng
Chevrolet Cruze  LT 1.6MT 2015,Chevrolet,Cruze,22/10/2021,325000000,2015,Sedan,Đã qua sử dụng,Trong nước,50000,Hà Nội,Số tay,Xăng
Chevrolet Cruze  2018,Chevrolet,Cruze,21/10/2021,500000000,2018,Sedan,Đã qua sử dụng,Trong nước,20000,Tp.HCM,Số tự động,Xăng
Chevrolet Cruze   1.8AT  2016,Chevrolet,Cruze,21/10/2021,482000000,2016,Sedan,Đã qua sử dụng,Trong nước,49000,Hà Nội,Số tự động,Xăng
Chevrolet Cruze  2016,Chevrolet,Cruze,21/10/2021,280000000,2016,Sedan,Đã qua sử dụng,Trong nước,85000,Tp.HCM,Số tay,Xăng
Chevrolet Cruze   LT 1.6L 2018,Chevrolet,Cruze,19/10/2021,359000000,2018,Sedan,Đã qua sử dụng,Trong nước,45000,Tp.HCM,Số tay,Xăng
Chevrolet Cruze  2017,Chevrolet,Cruze,19/10/2021,313000000,2017,Sedan,Đã qua sử dụng,Trong nước,60396,Tp.HCM,Số tự động,Xăng
Chevrolet Cruze  2011,Chevrolet,Cruze,15/10/2021,225000000,2011,Sedan,Đã qua sử dụng,Trong nước,160000,Hải Phòng,Số tay,Xăng
Chevrolet Cruze  2012,Chevrolet,Cruze,15/10/2021,199000000,2012,Sedan,Đã qua sử dụng,Trong nước,8600,Hà Nội,Số tay,Xăng
Chevrolet Cruze  2015,Chevrolet,Cruze,15/10/2021,280000000,2015,Sedan,Đã qua sử dụng,Trong nước,117000,Tp.HCM,Số tay,Xăng
Chevrolet Cruze  2010,Chevrolet,Cruze,14/10/2021,255000000,2010,Sedan,Đã qua sử dụng,Nhập khẩu,123456,Kon Tum,Số tự động,Xăng
Chevrolet Cruze   LT 1.6L  2017,Chevrolet,Cruze,13/10/2021,340000000,2017,Sedan,Đã qua sử dụng,Trong nước,51000,Thái Nguyên,Số tay,Xăng
Chevrolet Cruze  2015,Chevrolet,Cruze,05/10/2021,280000000,2015,Sedan,Đã qua sử dụng,Nhập khẩu,120000,Tp.HCM,Số tay,Xăng
Chevrolet Cruze  2010,Chevrolet,Cruze,02/10/2021,220000000,2010,Sedan,Đã qua sử dụng,Trong nước,110000,Hải Phòng,Số tay,Xăng
Chevrolet Cruze  2011,Chevrolet,Cruze,02/10/2021,235000000,2011,Sedan,Đã qua sử dụng,Trong nước,165000,Hải Phòng,Số tay,Xăng
Chevrolet Cruze   MT   2014,Chevrolet,Cruze,28/11/2021,300000000,2014,Sedan,Đã qua sử dụng,Trong nước,120000,Quảng Nam,Số tay,Xăng
Chevrolet Cruze  2016,Chevrolet,Cruze,27/11/2021,400000000,2016,Sedan,Đã qua sử dụng,Trong nước,95000,Hà Nội,Số tự động,Xăng
Chevrolet Cruze   1.6  2017,Chevrolet,Cruze,27/11/2021,335000000,2017,Sedan,Đã qua sử dụng,Trong nước,55000,Vĩnh Phúc,Số tay,Xăng
Chevrolet Cruze   LTZ 1.8 AT 2015,Chevrolet,Cruze,26/11/2021,455000000,2015,Sedan,Đã qua sử dụng,Trong nước,46000,Hà Nội,Số tự động,Xăng
Chevrolet Cruze   1.6 MT  2016,Chevrolet,Cruze,12/11/2021,305000000,2016,Sedan,Đã qua sử dụng,Trong nước,65000,Tp.HCM,Số tay,Xăng
Chevrolet Cruze   LT 1.6L 2017,Chevrolet,Cruze,03/11/2021,315000000,2017,Sedan,Đã qua sử dụng,Trong nước,61000,Tp.HCM,Số tay,Xăng
Chevrolet Cruze   G 2016,Chevrolet,Cruze,02/11/2021,370000000,2016,Sedan,Đã qua sử dụng,Trong nước,46128,Hà Nội,Số tự động,Xăng
Chevrolet Cruze   1.6 MT 2016,Chevrolet,Cruze,22/10/2021,323000000,2016,Sedan,Đã qua sử dụng,Trong nước,40000,Hà Nội,Số tay,Xăng
Chevrolet Cruze   LT 1.6MT  2016,Chevrolet,Cruze,22/10/2021,325000000,2016,Sedan,Đã qua sử dụng,Trong nước,50000,Hà Nội,Số tay,Xăng
Chevrolet Cruze   LT 1.6 MT  2016,Chevrolet,Cruze,19/10/2021,315000000,2016,Sedan,Đã qua sử dụng,Trong nước,40000,Hà Nội,Số tay,Xăng
Chevrolet Cruze   LT 1.6 MT 2016,Chevrolet,Cruze,19/10/2021,295000000,2016,Sedan,Đã qua sử dụng,Trong nước,60200,Hà Nội,Số tay,Xăng
Chevrolet Cruze   LT 1.6 MT  2016,Chevrolet,Cruze,06/10/2021,365000000,2016,Sedan,Đã qua sử dụng,Trong nước,40000,Hà Nội,Số tay,Xăng
Chevrolet Cruze   LT 1.6 MT 2016,Chevrolet,Cruze,29/09/2021,319000000,2016,Sedan,Đã qua sử dụng,Trong nước,59000,Hà Nội,Số tay,Xăng
Chevrolet Captiva  2008,Chevrolet,Captiva,26/11/2021,285000000,2008,CUV,Đã qua sử dụng,Nhập khẩu,75000,Tây Ninh,Số tự động,Xăng
Chevrolet Captiva LTZ 2.4 AT 2007,Chevrolet,Captiva,28/11/2021,234000000,2007,CUV,Đã qua sử dụng,Trong nước,150000,Hà Nội,Số tự động,Xăng
Chevrolet Captiva  LTZ  2014,Chevrolet,Captiva,29/11/2021,420000000,2014,CUV,Đã qua sử dụng,Trong nước,37000,Tp.HCM,Số tự động,Xăng
Chevrolet Captiva  2007,Chevrolet,Captiva,29/11/2021,250000000,2007,CUV,Đã qua sử dụng,Trong nước,100000,Bình Phước,Số tay,Xăng
Chevrolet Captiva  2008,Chevrolet,Captiva,24/11/2021,135000000,2008,CUV,Đã qua sử dụng,Trong nước,99999,Kiên Giang,Số tay,Xăng
Chevrolet Captiva  2010,Chevrolet,Captiva,23/11/2021,235000000,2010,SUV,Đã qua sử dụng,Nhập khẩu,181574,Đà Nẵng,Số tay,Xăng
Chevrolet Captiva  2016,Chevrolet,Captiva,22/11/2021,530000000,2016,CUV,Đã qua sử dụng,Nhập khẩu,61000,Cần Thơ,Số tự động,Xăng
Chevrolet Captiva  2007,Chevrolet,Captiva,18/11/2021,185000000,2007,CUV,Đã qua sử dụng,Trong nước,140000,Hà Nội,Số tay,Xăng
Chevrolet Captiva  2008,Chevrolet,Captiva,16/11/2021,180000000,2008,CUV,Đã qua sử dụng,Nhập khẩu,189900,An Giang,Số tay,Xăng
Chevrolet Captiva  2008,Chevrolet,Captiva,16/11/2021,230000000,2008,CUV,Đã qua sử dụng,Nhập khẩu,10000,Tp.HCM,Số tay,Xăng
Chevrolet Captiva  2008,Chevrolet,Captiva,16/11/2021,246000000,2008,CUV,Đã qua sử dụng,Trong nước,120000,Hải Dương,Số tự động,Xăng
Chevrolet Captiva  2007,Chevrolet,Captiva,12/11/2021,195000000,2007,SUV,Đã qua sử dụng,Trong nước,15000,Hòa Bình,Số tự động,Xăng
Chevrolet Captiva  2008,Chevrolet,Captiva,12/11/2021,185000000,2008,CUV,Đã qua sử dụng,Trong nước,200000,Phú Thọ,Số tay,Xăng
Chevrolet Captiva  2008,Chevrolet,Captiva,11/11/2021,190000000,2008,CUV,Đã qua sử dụng,Nhập khẩu,90000,Gia Lai,Số tay,Xăng
Chevrolet Captiva  2008,Chevrolet,Captiva,10/11/2021,225000000,2008,CUV,Đã qua sử dụng,Trong nước,90000,Lâm Đồng,Số tay,Xăng
Chevrolet Captiva  LTZ 2.4 2014,Chevrolet,Captiva,09/11/2021,455000000,2014,CUV,Đã qua sử dụng,Trong nước,95260,Tp.HCM,Số tự động,Xăng
Chevrolet Captiva  2008,Chevrolet,Captiva,05/11/2021,185000000,2008,CUV,Đã qua sử dụng,Trong nước,90000,Đồng Nai,Số tay,Xăng
Chevrolet Captiva   LTZ 2010,Chevrolet,Captiva,03/11/2021,280000000,2010,CUV,Đã qua sử dụng,Trong nước,90000,Tp.HCM,Số tự động,Xăng
Chevrolet Captiva  2008,Chevrolet,Captiva,26/10/2021,198000000,2008,CUV,Đã qua sử dụng,Trong nước,78000,Đồng Nai,Số tay,Xăng
Chevrolet Captiva   LT  2007,Chevrolet,Captiva,24/10/2021,235000000,2007,CUV,Đã qua sử dụng,Trong nước,97500,Hà Nội,Số tay,Xăng
Chevrolet Captiva 2.4 LTZ 2015,Chevrolet,Captiva,22/10/2021,476000000,2015,CUV,Đã qua sử dụng,Trong nước,71000,Tp.HCM,Số tự động,Xăng
Chevrolet Captiva   LTZ  2007,Chevrolet,Captiva,22/10/2021,248000000,2007,CUV,Đã qua sử dụng,Nhập khẩu,100000,Tp.HCM,Số tự động,Xăng
Chevrolet Captiva   LTZ 2.4AT 2015,Chevrolet,Captiva,21/10/2021,476000000,2015,CUV,Đã qua sử dụng,Trong nước,71000,Tp.HCM,Số tự động,Xăng
Chevrolet Captiva  2008,Chevrolet,Captiva,21/10/2021,220000000,2008,CUV,Đã qua sử dụng,Trong nước,20000,Kiên Giang,Số tự động,Diesel
Chevrolet Captiva   2008,Chevrolet,Captiva,21/10/2021,192000000,2008,CUV,Đã qua sử dụng,Trong nước,170000,Hà Nội,Số tay,Xăng
Chevrolet Captiva  2010,Chevrolet,Captiva,21/10/2021,260000000,2010,CUV,Đã qua sử dụng,Trong nước,100000,Thanh Hóa,Số tự động,Xăng
Chevrolet Captiva  2009,Chevrolet,Captiva,21/10/2021,345000000,2009,CUV,Đã qua sử dụng,Trong nước,100000,Yên Bái,Số tay,Diesel
Chevrolet Captiva  2010,Chevrolet,Captiva,20/10/2021,285000000,2010,CUV,Đã qua sử dụng,Trong nước,87000,Bình Phước,Số tay,Xăng
Chevrolet Captiva  2012,Chevrolet,Captiva,19/10/2021,300000000,2012,SUV,Đã qua sử dụng,Trong nước,100000,Đà Nẵng,Số tự động,Xăng
Chevrolet Captiva  2009,Chevrolet,Captiva,15/10/2021,345000000,2009,SUV,Đã qua sử dụng,Trong nước,120000,Hà Nội,Số tự động,Diesel
Chevrolet Captiva  2009,Chevrolet,Captiva,14/10/2021,265000000,2009,CUV,Đã qua sử dụng,Trong nước,11800,Hà Nội,Số tay,Xăng
Chevrolet Captiva   LTZ Maxx 2.4 AT  2010,Chevrolet,Captiva,13/10/2021,310000000,2010,SUV,Đã qua sử dụng,Trong nước,86000,Tp.HCM,Số tự động,Xăng
Chevrolet Captiva     2009,Chevrolet,Captiva,11/10/2021,240000000,2009,SUV,Đã qua sử dụng,Trong nước,86000,Cần Thơ,Số tự động,Xăng
Chevrolet Captiva  2008,Chevrolet,Captiva,08/10/2021,208000000,2008,SUV,Đã qua sử dụng,Trong nước,15000,Hà Nội,Số tay,Xăng
Chevrolet Captiva   LTZ Maxx 2.4 AT 2009,Chevrolet,Captiva,07/10/2021,275000000,2009,SUV,Đã qua sử dụng,Trong nước,50000,Hải Phòng,Số tự động,Xăng
Chevrolet Captiva  2016,Chevrolet,Captiva,05/10/2021,525000000,2016,CUV,Đã qua sử dụng,Nhập khẩu,75000,Đà Nẵng,Số tự động,Xăng
Chevrolet Captiva  2012,Chevrolet,Captiva,05/10/2021,295000000,2012,CUV,Đã qua sử dụng,Trong nước,112310,Hải Phòng,Số tay,Xăng
Chevrolet Captiva  2007,Chevrolet,Captiva,04/10/2021,235000000,2007,CUV,Đã qua sử dụng,Trong nước,24000,Hà Nam,Số tự động,Xăng
Chevrolet Captiva    2008,Chevrolet,Captiva,28/11/2021,215000000,2008,CUV,Đã qua sử dụng,Trong nước,110000,Đồng Nai,Số tay,Xăng
Chevrolet Captiva   LT 2.4MT Limited 2007,Chevrolet,Captiva,28/11/2021,188000000,2007,SUV,Đã qua sử dụng,Trong nước,150000,Hà Nội,Số tay,Xăng
Chevrolet Captiva   LTZ Maxx 2.4AT  2009,Chevrolet,Captiva,27/11/2021,290000000,2009,CUV,Đã qua sử dụng,Trong nước,113000,Đồng Nai,Số tự động,Xăng
Chevrolet Captiva  2016,Chevrolet,Captiva,23/10/2021,525000000,2016,CUV,Đã qua sử dụng,Trong nước,42000,Tp.HCM,Số tự động,Xăng
Chevrolet Captiva   LT 2.4 MT  2007,Chevrolet,Captiva,19/10/2021,210000000,2007,CUV,Đã qua sử dụng,Trong nước,82000,Tp.HCM,Số tay,Xăng
Chevrolet Captiva  2013,Chevrolet,Captiva,04/10/2021,400000000,2013,CUV,Đã qua sử dụng,Trong nước,130000,Đồng Nai,Số tay,Xăng
Chevrolet Captiva   2.4  2008,Chevrolet,Captiva,02/10/2021,215000000,2008,CUV,Đã qua sử dụng,Trong nước,20000,Nam Định,Số tay,Xăng
Chevrolet Aveo  2018,Chevrolet,Aveo,28/11/2021,297000000,2018,Sedan,Đã qua sử dụng,Nhập khẩu,90000,Quảng Trị,Số tự động,Xăng
Chevrolet Aveo  2016,Chevrolet,Aveo,29/11/2021,218000000,2016,Sedan,Đã qua sử dụng,Trong nước,100000,Tp.HCM,Số tay,Xăng
Chevrolet Aveo  2017,Chevrolet,Aveo,29/11/2021,219000000,2017,Sedan,Đã qua sử dụng,Trong nước,25000,Quảng Nam,Số tay,Xăng
Chevrolet Aveo  2012,Chevrolet,Aveo,29/11/2021,120000000,2012,Sedan,Đã qua sử dụng,Nhập khẩu,150000,Đắk Lắk,Số tay,Xăng
Chevrolet Aveo  2013,Chevrolet,Aveo,26/11/2021,180000000,2013,Sedan,Đã qua sử dụng,Nhập khẩu,80000,Nghệ An,Số tay,Xăng
Chevrolet Aveo LT 2018,Chevrolet,Aveo,26/11/2021,265000000,2018,Sedan,Đã qua sử dụng,Trong nước,100000,Tp.HCM,Số tay,Xăng
Chevrolet Aveo  2017,Chevrolet,Aveo,26/11/2021,245000000,2017,Sedan,Đã qua sử dụng,Nhập khẩu,148000,Tp.HCM,Số tay,Xăng
Chevrolet Aveo  2017,Chevrolet,Aveo,25/11/2021,225000000,2017,Sedan,Đã qua sử dụng,Nhập khẩu,99999,Tp.HCM,Số tay,Xăng
Chevrolet Aveo  2015,Chevrolet,Aveo,23/11/2021,240000000,2015,Sedan,Đã qua sử dụng,Nhập khẩu,250000,Phú Yên,Số tay,Xăng
Chevrolet Aveo    2016,Chevrolet,Aveo,23/11/2021,245000000,2016,Sedan,Đã qua sử dụng,Nhập khẩu,73552,Tp.HCM,Số tay,Xăng
Chevrolet Aveo  MT 2018,Chevrolet,Aveo,23/11/2021,230000000,2018,Sedan,Đã qua sử dụng,Trong nước,43000,Hưng Yên,Số tay,Xăng
Chevrolet Aveo  2016,Chevrolet,Aveo,23/11/2021,225000000,2016,Sedan,Đã qua sử dụng,Trong nước,89000,Đồng Nai,Số tay,Xăng
Chevrolet Aveo  2014,Chevrolet,Aveo,19/11/2021,205000000,2014,Sedan,Đã qua sử dụng,Trong nước,120000,Đà Nẵng,Số tay,Xăng
Chevrolet Aveo   1.5 AT  2016,Chevrolet,Aveo,16/11/2021,255000000,2016,Sedan,Đã qua sử dụng,Trong nước,46000,Tp.HCM,Số tự động,Xăng
Chevrolet Aveo   AT 2016,Chevrolet,Aveo,16/11/2021,265000000,2016,Sedan,Đã qua sử dụng,Trong nước,30000,Hà Nội,Số tự động,Xăng
Chevrolet Aveo   2017,Chevrolet,Aveo,16/11/2021,225000000,2017,Sedan,Đã qua sử dụng,Trong nước,102679,Đồng Nai,Số tay,Xăng
Chevrolet Aveo   1.5 MT  2013,Chevrolet,Aveo,15/11/2021,195000000,2013,Sedan,Đã qua sử dụng,Trong nước,80000,Hà Nội,Số tay,Xăng
Chevrolet Aveo  2014,Chevrolet,Aveo,15/11/2021,220000000,2014,Sedan,Đã qua sử dụng,Trong nước,81000,Tp.HCM,Số tự động,Xăng
Chevrolet Aveo   LTZ 1.5 AT   2014,Chevrolet,Aveo,12/11/2021,236000000,2014,Sedan,Đã qua sử dụng,Trong nước,160000,Hà Nội,Số tự động,Xăng
Chevrolet Aveo  2012,Chevrolet,Aveo,11/11/2021,145000000,2012,Sedan,Đã qua sử dụng,Nhập khẩu,117000,Hà Nội,Số tay,Xăng
Chevrolet Aveo  1.5 MT 2016,Chevrolet,Aveo,11/11/2021,235000000,2016,Sedan,Đã qua sử dụng,Nhập khẩu,86000,Đà Nẵng,Số tay,Xăng
Chevrolet Aveo  2016,Chevrolet,Aveo,09/11/2021,230000000,2016,Sedan,Đã qua sử dụng,Trong nước,90000,Tp.HCM,Số tay,Xăng
Chevrolet Aveo  2015,Chevrolet,Aveo,08/11/2021,235000000,2015,Sedan,Đã qua sử dụng,Trong nước,90000,Hà Nội,Số tay,Xăng
Chevrolet Aveo  2015,Chevrolet,Aveo,08/11/2021,225000000,2015,Sedan,Đã qua sử dụng,Trong nước,50000,Đà Nẵng,Số tay,Xăng
Chevrolet Aveo  2016,Chevrolet,Aveo,06/11/2021,235000000,2016,Sedan,Đã qua sử dụng,Trong nước,40000,Đà Nẵng,Số tay,Xăng
Chevrolet Aveo   LTZ 1.5 AT  2016,Chevrolet,Aveo,05/11/2021,270000000,2016,Sedan,Đã qua sử dụng,Trong nước,61000,Lâm Đồng,Số tự động,Xăng
Chevrolet Aveo  2013,Chevrolet,Aveo,04/11/2021,180000000,2013,Sedan,Đã qua sử dụng,Trong nước,118268,Khánh Hòa,Số tay,Xăng
Chevrolet Aveo    2018,Chevrolet,Aveo,29/10/2021,295000000,2018,Sedan,Đã qua sử dụng,Trong nước,33000,Bình Phước,Số tự động,Xăng
Chevrolet Aveo  2016,Chevrolet,Aveo,27/10/2021,265000000,2016,Sedan,Đã qua sử dụng,Trong nước,120000,Tp.HCM,Số tự động,Xăng
Chevrolet Aveo  2018,Chevrolet,Aveo,26/10/2021,290000000,2018,Sedan,Đã qua sử dụng,Trong nước,85581,Hà Nội,Số tay,Xăng
Chevrolet Aveo  2011,Chevrolet,Aveo,26/10/2021,185000000,2011,Sedan,Đã qua sử dụng,Nhập khẩu,86990,Khánh Hòa,Số tay,Xăng
Chevrolet Aveo  2015,Chevrolet,Aveo,23/10/2021,255000000,2015,Sedan,Đã qua sử dụng,Trong nước,61000,Kon Tum,Số tự động,Xăng
Chevrolet Aveo  2016,Chevrolet,Aveo,22/10/2021,265000000,2016,Sedan,Đã qua sử dụng,Trong nước,90000,Nghệ An,Số tự động,Xăng
Chevrolet Aveo  2016,Chevrolet,Aveo,21/10/2021,248000000,2016,Sedan,Đã qua sử dụng,Trong nước,24200,Đồng Nai,Số tay,Xăng
Chevrolet Aveo    2018,Chevrolet,Aveo,19/10/2021,320000000,2018,Sedan,Đã qua sử dụng,Nhập khẩu,41000,Gia Lai,Số tự động,Xăng
Chevrolet Aveo   2017,Chevrolet,Aveo,11/10/2021,240000000,2017,Sedan,Đã qua sử dụng,Trong nước,100000,Tp.HCM,Số tay,Xăng
Chevrolet Aveo  2017,Chevrolet,Aveo,11/10/2021,245000000,2017,Sedan,Đã qua sử dụng,Trong nước,70000,Đồng Nai,Số tay,Xăng
Chevrolet Aveo   LTZ  2018,Chevrolet,Aveo,09/10/2021,305000000,2018,Sedan,Đã qua sử dụng,Trong nước,57000,Hà Nội,Số tự động,Xăng
Chevrolet Aveo  2016,Chevrolet,Aveo,06/10/2021,225000000,2016,Sedan,Đã qua sử dụng,Trong nước,100000,Hà Nội,Số tay,Xăng
Chevrolet Aveo  2015,Chevrolet,Aveo,06/10/2021,208000000,2015,Sedan,Đã qua sử dụng,Nhập khẩu,69000,Gia Lai,Số tay,Xăng
Chevrolet Aveo  2018,Chevrolet,Aveo,06/10/2021,280000000,2018,Sedan,Đã qua sử dụng,Nhập khẩu,68000,Cần Thơ,Số tự động,Xăng
Chevrolet Aveo  2017,Chevrolet,Aveo,27/11/2021,215000000,2017,Sedan,Đã qua sử dụng,Trong nước,56000,Tp.HCM,Số tay,Xăng
Chevrolet Aveo  2014,Chevrolet,Aveo,25/11/2021,198000000,2014,Sedan,Đã qua sử dụng,Trong nước,76000,Bình Dương,Số tay,Xăng
Chevrolet Aveo   LT 1.5 MT  2016,Chevrolet,Aveo,19/11/2021,249000000,2016,Sedan,Đã qua sử dụng,Trong nước,71000,Đồng Nai,Số tay,Xăng
Chevrolet Colorado  2018,Chevrolet,Colorado,26/11/2021,515000000,2018,Pick-up Truck,Đã qua sử dụng,Nhập khẩu,44000,Tp.HCM,Số tự động,Diesel
Chevrolet Colorado  2019,Chevrolet,Colorado,17/11/2021,585000000,2019,Pick-up Truck,Đã qua sử dụng,Trong nước,37000,Quảng Nam,Số tự động,Diesel
Chevrolet Colorado    2018,Chevrolet,Colorado,29/11/2021,600000000,2018,Pick-up Truck,Đã qua sử dụng,Nhập khẩu,8000,Bình Dương,Số tự động,Diesel
Chevrolet Colorado  2019,Chevrolet,Colorado,23/11/2021,535000000,2019,Pick-up Truck,Đã qua sử dụng,Nhập khẩu,36900,Bình Dương,Số tự động,Diesel
Chevrolet Colorado  2018,Chevrolet,Colorado,22/11/2021,550000000,2018,Pick-up Truck,Đã qua sử dụng,Trong nước,50000,Tp.HCM,Số tự động,Diesel
Chevrolet Colorado  2017,Chevrolet,Colorado,14/11/2021,493000000,2017,Pick-up Truck,Đã qua sử dụng,Nhập khẩu,50963,Tp.HCM,Số tay,Diesel
Chevrolet Colorado  2015,Chevrolet,Colorado,09/11/2021,525000000,2015,Pick-up Truck,Đã qua sử dụng,Nhập khẩu,70000,Tp.HCM,Số tự động,Diesel
Chevrolet Colorado  2019,Chevrolet,Colorado,04/11/2021,530000000,2019,Pick-up Truck,Đã qua sử dụng,Nhập khẩu,50000,Bình Dương,Số tự động,Diesel
Chevrolet Colorado  2018,Chevrolet,Colorado,04/11/2021,550000000,2018,Pick-up Truck,Đã qua sử dụng,Nhập khẩu,76000,Tp.HCM,Số tự động,Diesel
Chevrolet Colorado   HighCountry 2.8L 4x4 AT 2017,Chevrolet,Colorado,03/11/2021,550000000,2017,Pick-up Truck,Đã qua sử dụng,Nhập khẩu,150000,Thanh Hóa,Số tự động,Diesel
Chevrolet Colorado   LTZ 2.8L 4x4 MT 2013,Chevrolet,Colorado,02/11/2021,365000000,2013,Pick-up Truck,Đã qua sử dụng,Nhập khẩu,135000,Gia Lai,Số tay,Diesel
Chevrolet Colorado   2018,Chevrolet,Colorado,27/10/2021,465000000,2018,Pick-up Truck,Đã qua sử dụng,Nhập khẩu,119999,Hà Nội,Số tay,Diesel
Chevrolet Colorado   LTZ 4x4 2018,Chevrolet,Colorado,21/10/2021,575000000,2018,Pick-up Truck,Đã qua sử dụng,Nhập khẩu,55000,Tp.HCM,Số tự động,Diesel
Chevrolet Colorado  2019,Chevrolet,Colorado,19/10/2021,506000000,2019,Pick-up Truck,Đã qua sử dụng,Nhập khẩu,90000,Đồng Nai,Số tự động,Diesel
Chevrolet Colorado  2016,Chevrolet,Colorado,19/10/2021,487000000,2016,Pick-up Truck,Đã qua sử dụng,Nhập khẩu,80000,Tp.HCM,Số tự động,Diesel
Chevrolet Colorado      2018,Chevrolet,Colorado,19/10/2021,610000000,2018,Pick-up Truck,Đã qua sử dụng,Nhập khẩu,59000,Hải Phòng,Số tự động,Diesel
Chevrolet Colorado  2017,Chevrolet,Colorado,13/10/2021,450000000,2017,Pick-up Truck,Đã qua sử dụng,Nhập khẩu,59000,Tp.HCM,Số tay,Diesel
Chevrolet Colorado  2019,Chevrolet,Colorado,29/09/2021,580000000,2019,Pick-up Truck,Đã qua sử dụng,Nhập khẩu,72000,Bắc Giang,Số tự động,Diesel
Chevrolet Colorado  2017,Chevrolet,Colorado,03/11/2021,545000000,2017,Pick-up Truck,Đã qua sử dụng,Nhập khẩu,38000,Tp.HCM,Số tự động,Diesel
Chevrolet Colorado  2018,Chevrolet,Colorado,02/11/2021,525000000,2018,Pick-up Truck,Đã qua sử dụng,Nhập khẩu,58000,Tp.HCM,Số tự động,Diesel
Chevrolet Colorado   High Country 2.5L 4x4 AT  2019,Chevrolet,Colorado,12/10/2021,650000000,2019,Pick-up Truck,Đã qua sử dụng,Nhập khẩu,19000,Thái Nguyên,Số tự động,Diesel
Chevrolet Orlando  2016,Chevrolet,Orlando,28/11/2021,398000000,2016,MPV,Đã qua sử dụng,Trong nước,50000,Thái Nguyên,Số tự động,Xăng
Chevrolet Orlando  2013,Chevrolet,Orlando,25/11/2021,328000000,2013,MPV,Đã qua sử dụng,Trong nước,60000,Bình Dương,Số tự động,Xăng
Chevrolet Orlando  2017,Chevrolet,Orlando,25/11/2021,430000000,2017,MPV,Đã qua sử dụng,Nhập khẩu,62000,Tp.HCM,Số tay,Xăng
Chevrolet Orlando  2012,Chevrolet,Orlando,23/11/2021,310000000,2012,MPV,Đã qua sử dụng,Trong nước,117222,Bình Dương,Số tự động,Xăng
Chevrolet Orlando  LTZ 2018,Chevrolet,Orlando,18/11/2021,410000000,2018,MPV,Đã qua sử dụng,Trong nước,91000,Bà Rịa Vũng Tàu,Số tự động,Xăng
Chevrolet Orlando  2017,Chevrolet,Orlando,16/11/2021,360000000,2017,MPV,Đã qua sử dụng,Nhập khẩu,200000,Bà Rịa Vũng Tàu,Số tự động,Xăng
Chevrolet Orlando   LTZ  2016,Chevrolet,Orlando,16/11/2021,430000000,2016,MPV,Đã qua sử dụng,Nhập khẩu,68000,Bình Phước,Số tự động,Xăng
Chevrolet Orlando  2016,Chevrolet,Orlando,15/11/2021,430000000,2016,MPV,Đã qua sử dụng,Trong nước,68000,Bình Dương,Số tự động,Xăng
Chevrolet Orlando  2016,Chevrolet,Orlando,15/11/2021,430000000,2016,MPV,Đã qua sử dụng,Trong nước,68000,Đồng Nai,Số tự động,Xăng
Chevrolet Orlando   LTZ 2016,Chevrolet,Orlando,15/11/2021,380000000,2016,MPV,Đã qua sử dụng,Trong nước,70000,Nam Định,Số tự động,Xăng
Chevrolet Orlando  2016,Chevrolet,Orlando,08/11/2021,400000000,2016,MPV,Đã qua sử dụng,Trong nước,75000,Tp.HCM,Số tự động,Xăng
Chevrolet Orlando  2013,Chevrolet,Orlando,06/11/2021,339000000,2013,MPV,Đã qua sử dụng,Trong nước,10000,Hải Dương,Số tự động,Xăng
Chevrolet Orlando   LTZ  2021,Chevrolet,Orlando,04/11/2021,445000000,2021,MPV,Đã qua sử dụng,Trong nước,65000,Đà Nẵng,Số tự động,Xăng
Chevrolet Orlando     2017,Chevrolet,Orlando,29/10/2021,398000000,2017,MPV,Đã qua sử dụng,Trong nước,28066,Thái Nguyên,Số tay,Xăng
Chevrolet Orlando  2017,Chevrolet,Orlando,26/10/2021,350000000,2017,MPV,Đã qua sử dụng,Trong nước,96000,Tp.HCM,Số tay,Xăng
Chevrolet Orlando   LTZ   2016,Chevrolet,Orlando,25/10/2021,440000000,2016,MPV,Đã qua sử dụng,Trong nước,68000,Tây Ninh,Số tự động,Xăng
Chevrolet Orlando  2017,Chevrolet,Orlando,20/10/2021,410000000,2017,MPV,Đã qua sử dụng,Nhập khẩu,25000,Bình Dương,Số tự động,Xăng
Chevrolet Orlando  2016,Chevrolet,Orlando,05/10/2021,400000000,2016,MPV,Đã qua sử dụng,Trong nước,33779,Bình Dương,Số tự động,Xăng
Chevrolet Orlando  2017,Chevrolet,Orlando,05/10/2021,389000000,2017,MPV,Đã qua sử dụng,Trong nước,80000,Tp.HCM,Số tay,Xăng
Chevrolet Orlando   1.8 LT  2017,Chevrolet,Orlando,01/10/2021,370000000,2017,MPV,Đã qua sử dụng,Trong nước,45000,Thái Nguyên,Số tay,Xăng
Chevrolet Orlando  2015,Chevrolet,Orlando,30/09/2021,395000000,2015,MPV,Đã qua sử dụng,Trong nước,100000,Cần Thơ,Số tự động,Xăng
Chevrolet Orlando   2015,Chevrolet,Orlando,21/11/2021,385000000,2015,MPV,Đã qua sử dụng,Trong nước,90000,Hà Nội,Số tự động,Xăng
Chevrolet Orlando   LTZ 1.8 AT  2016,Chevrolet,Orlando,08/11/2021,395000000,2016,MPV,Đã qua sử dụng,Trong nước,50000,Hà Nội,Số tự động,Xăng
Chevrolet Orlando   LT 1.8 2017,Chevrolet,Orlando,04/11/2021,375000000,2017,MPV,Đã qua sử dụng,Trong nước,36000,Hà Nội,Số tay,Xăng
Chevrolet Orlando     2017,Chevrolet,Orlando,02/11/2021,375000000,2017,MPV,Đã qua sử dụng,Trong nước,46985,Hà Nội,Số tay,Xăng
Chevrolet Vivant 2.0 MT 2008,Chevrolet,Vivant,28/11/2021,145000000,2008,CUV,Đã qua sử dụng,Trong nước,120000,Hà Nội,Số tay,Xăng
Chevrolet Vivant  2019,Chevrolet,Vivant,09/11/2021,150000000,2019,CUV,Đã qua sử dụng,Trong nước,80000,Phú Thọ,Số tay,Xăng
Chevrolet Vivant     2008,Chevrolet,Vivant,27/10/2021,130000000,2008,CUV,Đã qua sử dụng,Trong nước,123456,Phú Yên,Số tay,Xăng
Chevrolet Vivant  2008,Chevrolet,Vivant,21/10/2021,162000000,2008,CUV,Đã qua sử dụng,Trong nước,100000,Bến Tre,Số tay,Xăng
Chevrolet Vivant  2008,Chevrolet,Vivant,07/10/2021,160000000,2008,CUV,Đã qua sử dụng,Trong nước,183000,Đà Nẵng,Số tự động,Xăng
Chevrolet Trailblazer  2018,Chevrolet,Trailblazer,25/11/2021,620000000,2018,SUV,Đã qua sử dụng,Nhập khẩu,32000,Kiên Giang,Số tay,Diesel
Chevrolet Trailblazer   LT 2.5L VGT 4x2 AT  2018,Chevrolet,Trailblazer,07/10/2021,580000000,2018,SUV,Đã qua sử dụng,Nhập khẩu,37000,Đà Nẵng,Số tự động,Diesel
Chevrolet Trailblazer  2018,Chevrolet,Trailblazer,02/10/2021,565000000,2018,SUV,Đã qua sử dụng,Nhập khẩu,39000,Bình Thuận  ,Số tay,Diesel
Chevrolet Lacetti  2011,Chevrolet,Lacetti,24/11/2021,160000000,2011,Sedan,Đã qua sử dụng,Trong nước,140000,Thanh Hóa,Số tay,Xăng
Chevrolet Lacetti  CDX   2010,Chevrolet,Lacetti,11/11/2021,260000000,2010,Sedan,Đã qua sử dụng,Nhập khẩu,158000,Đắk Lắk,Số tay,Xăng
Chevrolet Lacetti  2007,Chevrolet,Lacetti,11/11/2021,110000000,2007,Sedan,Đã qua sử dụng,Trong nước,170000,Hà Nội,Số tay,Xăng
Chevrolet Lacetti   1.6 L  2011,Chevrolet,Lacetti,27/10/2021,192000000,2011,Sedan,Đã qua sử dụng,Trong nước,60000,Hà Nội,Số tay,Xăng
Chevrolet Trax  2017,Chevrolet,Trax,26/11/2021,450000000,2017,SUV,Đã qua sử dụng,Nhập khẩu,50000,Tp.HCM,Số tự động,Xăng
Chevrolet Trax   2017,Chevrolet,Trax,15/11/2021,409000000,2017,SUV,Đã qua sử dụng,Nhập khẩu,59999,Đồng Nai,Số tự động,Xăng
Chevrolet Camaro  2016,Chevrolet,Camaro,07/11/2021,2280000000,2016,Coupe,Đã qua sử dụng,Nhập khẩu,8000,Tp.HCM,Số tự động,Xăng
Chevrolet Camaro   2016,Chevrolet,Camaro,23/11/2021,2300000000,2016,Coupe,Đã qua sử dụng,Nhập khẩu,6500,Tp.HCM,Số tự động,Xăng
Chevrolet Corvette    2021,Chevrolet,Corvette,16/11/2021,8558000000,2021,Sport Car,Đã qua sử dụng,Nhập khẩu,7979,Tp.HCM,Số hỗn hợp,Xăng
Daewoo Lacetti  2010,Daewoo,Lacetti,29/11/2021,100000000,2010,Sedan,Đã qua sử dụng,Nhập khẩu,120000,Quảng Trị,Số tay,Xăng
Daewoo Lacetti  2009,Daewoo,Lacetti,29/11/2021,180000000,2009,Sedan,Đã qua sử dụng,Nhập khẩu,100000,Hà Nội,Số tự động,Xăng
Daewoo Lacetti   2009,Daewoo,Lacetti,29/11/2021,175000000,2009,Sedan,Đã qua sử dụng,Trong nước,156000,Tp.HCM,Số tay,Xăng
Daewoo Lacetti  2008,Daewoo,Lacetti,29/11/2021,135000000,2008,Sedan,Đã qua sử dụng,Trong nước,12580,Hà Nội,Số tay,Xăng
Daewoo Lacetti  2005,Daewoo,Lacetti,25/11/2021,92000000,2005,Sedan,Đã qua sử dụng,Trong nước,12000,Thái Bình,Số tay,Xăng
Daewoo Lacetti  2007,Daewoo,Lacetti,25/11/2021,125000000,2007,Sedan,Đã qua sử dụng,Trong nước,120000,Hà Nội,Số tay,Xăng
Daewoo Lacetti  2010,Daewoo,Lacetti,23/11/2021,220000000,2010,Sedan,Đã qua sử dụng,Nhập khẩu,86000,Tp.HCM,Số tự động,Xăng
Daewoo Lacetti  2010,Daewoo,Lacetti,22/11/2021,200000000,2010,Sedan,Đã qua sử dụng,Nhập khẩu,144000,Hà Nội,Số tay,Xăng
Daewoo Lacetti   SE 2009,Daewoo,Lacetti,20/11/2021,170000000,2009,Sedan,Đã qua sử dụng,Nhập khẩu,187500,Sơn La,Số tay,Xăng
Daewoo Lacetti  2010,Daewoo,Lacetti,20/11/2021,159000000,2010,Sedan,Đã qua sử dụng,Trong nước,90000,Hải Phòng,Số tay,Xăng
Daewoo Lacetti SE 2010,Daewoo,Lacetti,18/11/2021,200000000,2010,Sedan,Đã qua sử dụng,Trong nước,90000,Vĩnh Phúc,Số tay,Xăng
Daewoo Lacetti  1993,Daewoo,Lacetti,16/11/2021,12000000,1993,Sedan,Đã qua sử dụng,Nhập khẩu,32000,Gia Lai,Số tay,Xăng
Daewoo Lacetti  2011,Daewoo,Lacetti,15/11/2021,225000000,2011,Sedan,Đã qua sử dụng,Nhập khẩu,67000,Đà Nẵng,Số tự động,Xăng
Daewoo Lacetti  CDX  2009,Daewoo,Lacetti,15/11/2021,230000000,2009,Sedan,Đã qua sử dụng,Nhập khẩu,96000,Thanh Hóa,Số tự động,Xăng
Daewoo Lacetti  2010,Daewoo,Lacetti,14/11/2021,172000000,2010,Sedan,Đã qua sử dụng,Trong nước,87000,Hà Nội,Số tay,Xăng
Daewoo Lacetti  2005,Daewoo,Lacetti,12/11/2021,135000000,2005,Sedan,Đã qua sử dụng,Trong nước,120000,Bến Tre,Số tay,Xăng
Daewoo Lacetti  2010,Daewoo,Lacetti,12/11/2021,175000000,2010,Sedan,Đã qua sử dụng,Trong nước,140123,Đồng Nai,Số tay,Xăng
Daewoo Lacetti  2004,Daewoo,Lacetti,12/11/2021,100000000,2004,Sedan,Đã qua sử dụng,Trong nước,169000,Bình Dương,Số tay,Xăng
Daewoo Lacetti  2010,Daewoo,Lacetti,11/11/2021,225000000,2010,Sedan,Đã qua sử dụng,Nhập khẩu,100000,Đà Nẵng,Số tự động,Xăng
Daewoo Lacetti  2004,Daewoo,Lacetti,04/11/2021,105000000,2004,Sedan,Đã qua sử dụng,Nhập khẩu,100000,Hậu Giang,Số tay,Xăng
Daewoo Lacetti  2009,Daewoo,Lacetti,01/11/2021,220000000,2009,Sedan,Đã qua sử dụng,Trong nước,100000,Hà Nội,Số tự động,Xăng
Daewoo Lacetti  2010,Daewoo,Lacetti,26/10/2021,285000000,2010,Sedan,Đã qua sử dụng,Nhập khẩu,77000,Bình Định,Số tự động,Xăng
Daewoo Lacetti  2009,Daewoo,Lacetti,21/10/2021,225000000,2009,Sedan,Đã qua sử dụng,Nhập khẩu,112233,Nam Định,Số tự động,Xăng
Daewoo Lacetti  2005,Daewoo,Lacetti,21/10/2021,105000000,2005,Sedan,Đã qua sử dụng,Nhập khẩu,200000,Nghệ An,Số tay,Xăng
Daewoo Lacetti  2005,Daewoo,Lacetti,21/10/2021,132000000,2005,Sedan,Đã qua sử dụng,Nhập khẩu,70000,Bình Dương,Số tay,Xăng
Daewoo Lacetti CDX  2011,Daewoo,Lacetti,20/10/2021,250000000,2011,Sedan,Đã qua sử dụng,Nhập khẩu,93000,Hà Nội,Số tự động,Xăng
Daewoo Lacetti  2013,Daewoo,Lacetti,19/10/2021,195000000,2013,Sedan,Đã qua sử dụng,Nhập khẩu,85000,Bình Dương,Số tay,Xăng
Daewoo Lacetti   EX 1.6 MT 2007,Daewoo,Lacetti,14/10/2021,112000000,2007,Sedan,Đã qua sử dụng,Trong nước,127848,Hà Nội,Số tay,Xăng
Daewoo Lacetti 1.6 MT  2011,Daewoo,Lacetti,14/10/2021,159000000,2011,Sedan,Đã qua sử dụng,Nhập khẩu,86000,Phú Yên,Số tay,Xăng
Daewoo Lacetti  2010,Daewoo,Lacetti,13/10/2021,250000000,2010,Sedan,Đã qua sử dụng,Nhập khẩu,102000,Đồng Tháp,Số tay,Xăng
Daewoo Lacetti   CDX 2010,Daewoo,Lacetti,08/10/2021,195000000,2010,Sedan,Đã qua sử dụng,Trong nước,130000,Hà Nội,Số tự động,Xăng
Daewoo Lacetti  2010,Daewoo,Lacetti,06/10/2021,170000000,2010,Sedan,Đã qua sử dụng,Trong nước,85000,Cần Thơ,Số tay,Xăng
Daewoo Lacetti   EX 1.6 MT  2005,Daewoo,Lacetti,06/10/2021,115000000,2005,Sedan,Đã qua sử dụng,Trong nước,150000,Quảng Ninh,Số tay,Xăng
Daewoo Lacetti   CDX 1.6 AT 2009,Daewoo,Lacetti,29/11/2021,215000000,2009,Sedan,Đã qua sử dụng,Nhập khẩu,107000,Hà Nội,Số tự động,Xăng
Daewoo Lacetti    2009,Daewoo,Lacetti,28/11/2021,175000000,2009,Sedan,Đã qua sử dụng,Trong nước,96000,Hà Nội,Số tay,Xăng
Daewoo Lacetti    2008,Daewoo,Lacetti,28/11/2021,125000000,2008,Sedan,Đã qua sử dụng,Trong nước,200000,Hà Nội,Số tay,Xăng
Daewoo Lacetti   1.5EX  2009,Daewoo,Lacetti,24/11/2021,135000000,2009,Sedan,Đã qua sử dụng,Trong nước,145862,Phú Thọ,Số tay,Xăng
Daewoo Lacetti  2009,Daewoo,Lacetti,15/11/2021,150000000,2009,Sedan,Đã qua sử dụng,Trong nước,130000,Lâm Đồng,Số tay,Xăng
Daewoo Lacetti   SE 2009,Daewoo,Lacetti,20/10/2021,238000000,2009,Sedan,Đã qua sử dụng,Nhập khẩu,88000,Hà Nội,Số tay,Xăng
Daewoo Lacetti   SE  2011,Daewoo,Lacetti,14/10/2021,235000000,2011,Sedan,Đã qua sử dụng,Nhập khẩu,89068,Thái Nguyên,Số tay,Xăng
