name,time_up,price,year_product,style,status,origin,KM,local,box_car,fuel
VinFast LUX A2.0  2021,18/11/2021,681000000,2021,Sedan,Mới,Trong nước,0,Tp.HCM,Số tự động,Xăng
VinFast LUX A2.0  2021,18/11/2021,881000000,2021,Sedan,Mới,Trong nước,0,Bình Dương,Số tự động,Xăng
VinFast LUX A2.0  2021,18/11/2021,881000000,2021,Sedan,Mới,Trong nước,0,Tp.HCM,Số tự động,Xăng
Toyota Corolla Cross  2021,18/11/2021,720000000,2021,SUV,Mới,Nhập khẩu,0,Hà Nội,Số tự động,Xăng
Toyota Fortuner  2021,18/11/2021,995000000,2021,SUV,Mới,Trong nước,0,Hà Nội,Số tự động,
Hyundai Tucson  2021,18/11/2021,755000000,2021,SUV,Mới,Nhập khẩu,0,Tp.HCM,Số tự động,Xăng
Hyundai Santa Fe  2021,18/11/2021,1010000000,2021,SUV,Mới,Trong nước,0,Tp.HCM,Số tự động,Xăng
VinFast LUX SA2.0  2021,18/11/2021,1071000000,2021,SUV,Mới,Trong nước,0,Tp.HCM,Số tự động,Xăng
VinFast LUX SA2.0  2021,18/11/2021,1026000000,2021,SUV,Mới,Trong nước,0,Ninh Bình,Số tự động,Xăng
Suzuki XL7  2021,18/11/2021,589000000,2021,SUV,Mới,Nhập khẩu,0,Khánh Hòa,Số tự động,Xăng
VinFast LUX SA2.0  2021,18/11/2021,826000000,2021,SUV,Mới,Trong nước,0,Bình Định,Số tự động,Xăng
VinFast LUX SA2.0  2021,18/11/2021,826000000,2021,SUV,Mới,Trong nước,0,Hải Phòng,Số tự động,Xăng
VinFast LUX A2.0  2021,18/11/2021,681000000,2021,Sedan,Mới,Trong nước,0,Hà Nam,Số tự động,Xăng
Honda CR-V  2021,18/11/2021,879000000,2021,SUV,Mới,Trong nước,0,Hà Nội,Số tự động,Xăng
Toyota Raize  2021,18/11/2021,527000000,2021,CUV,Mới,Nhập khẩu,0,Hà Nội,Số tự động,Xăng
VinFast LUX SA2.0  2021,18/11/2021,826000000,2021,SUV,Mới,Trong nước,0,Hà Nội,Số tự động,Xăng
Honda CR-V  2021,18/11/2021,998000000,2021,SUV,Mới,Trong nước,0,Hà Nội,Số tự động,Xăng
VinFast LUX SA2.0  2021,18/11/2021,826000000,2021,SUV,Mới,Trong nước,0,Hà Nội,Số tự động,Xăng
Ford Ranger  2021,18/11/2021,616000000,2021,Pick-up Truck,Mới,Nhập khẩu,0,Hà Nội,Số tự động,Diesel
Hyundai Santa Fe  2021,18/11/2021,1010000000,2021,SUV,Mới,Trong nước,0,Lai Châu,Số tự động,
MG ZS  2021,18/11/2021,519000000,2021,SUV,Mới,Nhập khẩu,0,Hà Nội,Số tự động,Xăng
MG ZS  2021,18/11/2021,519000000,2021,SUV,Mới,Nhập khẩu,0,Hà Nội,Số tự động,Xăng
VinFast LUX SA2.0  2021,17/11/2021,826000000,2021,SUV,Mới,Trong nước,0,Hà Nội,Số tự động,Xăng
VinFast LUX SA2.0  2021,17/11/2021,826000000,2021,SUV,Mới,Trong nước,0,Hà Nội,Số tự động,
VinFast LUX SA2.0  2021,17/11/2021,826000000,2021,SUV,Mới,Trong nước,0,Lào Cai,Số tự động,Xăng
VinFast LUX A2.0  2021,17/11/2021,881000000,2021,Sedan,Mới,Trong nước,0,Bắc Giang,Số tự động,Xăng
VinFast LUX A2.0  2021,17/11/2021,881000000,2021,Sedan,Mới,Trong nước,0,Hà Nội,Số tự động,Xăng
VinFast LUX SA2.0  2021,17/11/2021,919000000,2021,SUV,Mới,Trong nước,0,Tp.HCM,Số tự động,Xăng
Mazda CX-5  2021,17/11/2021,809000000,2021,SUV,Mới,Trong nước,0,Hà Nội,Số tự động,Xăng
VinFast LUX SA2.0  2021,17/11/2021,1119000000,2021,SUV,Mới,Trong nước,0,Tp.HCM,Số tự động,Xăng
Mazda CX-5  2021,17/11/2021,809000000,2021,SUV,Mới,Trong nước,0,Thái Bình,Số tự động,Xăng
Ford Ranger XLS 2021,17/11/2021,630000000,2021,Pick-up Truck,Mới,Nhập khẩu,0,Tp.HCM,Số tự động,Diesel
VinFast LUX A2.0  2021,17/11/2021,681000000,2021,Sedan,Mới,Trong nước,0,Bắc Giang,Số tự động,Xăng
Ford Ranger  2021,17/11/2021,650000000,2021,Pick-up Truck,Mới,Trong nước,0,Tp.HCM,Số tự động,Diesel
Ford EcoSport 1.5 Titanium 2020,17/11/2021,555000000,2020,SUV,Đã qua sử dụng,Trong nước,33000,Bình Thuận  ,Số tự động,Xăng
VinFast LUX A2.0  2021,17/11/2021,881000000,2021,Sedan,Mới,Trong nước,0,Vĩnh Phúc,Số tự động,Xăng
Mitsubishi Xpander  2021,17/11/2021,630000000,2021,MPV,Mới,Trong nước,0,Tp.HCM,Số tự động,Xăng
Hyundai Santa Fe  2021,17/11/2021,1030000000,2021,SUV,Mới,Trong nước,0,Hà Nội,Số tự động,Diesel
VinFast LUX A2.0  2021,17/11/2021,881000000,2021,Sedan,Mới,Trong nước,0,Vĩnh Phúc,Số tự động,Xăng
Toyota Vios E MT 2021,18/11/2021,478000000,2021,Sedan,Mới,Trong nước,0,Lào Cai,Số tay,Xăng
Mitsubishi Xpander AT 2021,18/11/2021,630000000,2021,MPV,Mới,Trong nước,0,Quảng Ninh,Số tự động,Xăng
Ford Ranger  XLS AT  2021,18/11/2021,650000000,2021,Pick-up Truck,Mới,Nhập khẩu,0,Vĩnh Phúc,Số tự động,Diesel
Ford Ranger  2021,18/11/2021,650000000,2021,Pick-up Truck,Mới,Nhập khẩu,0,Hải Dương,Số tự động,Diesel
Kia Morning 2017 2017,17/11/2021,300000000,2017,Van/Minivan,Đã qua sử dụng,Nhập khẩu,18000,Hà Nội,Số tự động,Xăng
Suzuki Carry 2021 2021,17/11/2021,280000000,2021,Truck,Mới,Trong nước,0,Hà Nội,Số tay,Xăng
Kia Soluto 2021 2021,17/11/2021,469000000,2021,Sedan,Mới,Trong nước,0,Bắc Giang,Số tự động,Xăng
Suzuki XL7 2021 2021,17/11/2021,535000000,2021,SUV,Mới,Nhập khẩu,0,Hà Nội,Số tự động,Xăng
Hyundai Tucson  2021,17/11/2021,820000000,2021,SUV,Mới,Trong nước,0,Hà Nội,Số tự động,Xăng
Hyundai Santa Fe 2021 2021,17/11/2021,1320000000,2021,SUV,Mới,Nhập khẩu,0,Nam Định,Số tự động,Diesel
Ford Fiesta 2014 2014,16/11/2021,345000000,2014,Hatchback,Đã qua sử dụng,Trong nước,78000,Hà Nội,Số tự động,Xăng
Land Rover Range Rover 2014 2014,16/11/2021,3550000000,2014,SUV,Đã qua sử dụng,Nhập khẩu,55000,Hà Nội,Số tự động,Diesel
BMW 520i 2016 2016,16/11/2021,1290000000,2016,Sedan,Đã qua sử dụng,Nhập khẩu,69000,Hà Nội,Số tự động,Xăng
Toyota Camry 2017 2017,16/11/2021,750000000,2017,Sedan,Đã qua sử dụng,Trong nước,40000,Hà Nội,Số tự động,Xăng
Mitsubishi Xpander 2019 2019,16/11/2021,550000000,2019,SUV,Đã qua sử dụng,Nhập khẩu,22000,Hà Nội,Số tự động,Xăng
Mercedes-Benz E180  2021,18/11/2021,2050000000,2021,Sedan,Mới,Trong nước,0,Tp.HCM,Số tự động,
Volvo XC90  2019,18/11/2021,3599000000,2019,SUV,Đã qua sử dụng,Nhập khẩu,20000,Tp.HCM,Số tự động,Xăng
VinFast LUX SA2.0  2021,18/11/2021,826000000,2021,SUV,Mới,Trong nước,0,Hà Nội,Số tự động,Xăng
Lexus RX 300  2016,18/11/2021,3150000000,2016,SUV,Đã qua sử dụng,Nhập khẩu,70000,Hà Nội,Số tự động,Xăng
MG ZS  2021,18/11/2021,619000000,2021,SUV,Mới,Nhập khẩu,0,Tp.HCM,Số tự động,Xăng
Toyota Camry 2.5Q 2021,18/11/2021,1235000000,2021,Sedan,Mới,Nhập khẩu,0,Đồng Tháp,Số tự động,Xăng
Isuzu D-Max 2.5 4x2  2017,18/11/2021,599000000,2017,Pick-up Truck,Mới,Nhập khẩu,0,Hà Nội,Số tay,Diesel
Isuzu mu-X  2019,18/11/2021,910000000,2019,SUV,Mới,Nhập khẩu,0,Hà Nội,Số tự động,Diesel
Honda CR-V  2021,18/11/2021,1118000000,2021,SUV,Mới,Trong nước,0,Tp.HCM,Số tự động,Xăng
Mercedes-Benz GLC 300  2021,18/11/2021,2499000000,2021,SUV,Mới,Trong nước,0,Tp.HCM,Số tự động,Xăng
VinFast LUX A2.0  2021,18/11/2021,881000000,2021,Sedan,Mới,Trong nước,0,Hà Nội,Số tự động,Xăng
Toyota Innova  2016,18/11/2021,458000000,2016,MPV,Đã qua sử dụng,Trong nước,279087,Hà Nội,Số tự động,Xăng
Land Rover Range Rover  2021,18/11/2021,9700000000,2021,SUV,Mới,Nhập khẩu,0,Hà Nội,Số tự động,Xăng
Land Rover Range Rover  2021,18/11/2021,9700000000,2021,SUV,Mới,Nhập khẩu,0,Tp.HCM,Số tự động,Xăng
Land Rover Range Rover  2021,18/11/2021,9700000000,2021,SUV,Mới,Nhập khẩu,0,Hà Nội,Số tự động,Xăng
Land Rover Range Rover  2021,18/11/2021,9700000000,2021,SUV,Mới,Nhập khẩu,0,Tp.HCM,Số tự động,Xăng
Land Rover Range Rover  2021,18/11/2021,12650000000,2021,SUV,Mới,Nhập khẩu,0,Hà Nội,Số tự động,Xăng
Land Rover Range Rover  2021,18/11/2021,12680000000,2021,SUV,Mới,Nhập khẩu,0,Tp.HCM,Số tự động,Xăng
Land Rover Range Rover  2021,18/11/2021,12680000000,2021,SUV,Mới,Nhập khẩu,0,Hà Nội,Số tự động,Xăng
Land Rover Range Rover  2021,18/11/2021,12699000000,2021,SUV,Mới,Nhập khẩu,0,Hà Nội,Số tự động,Xăng
Land Rover Range Rover  2021,18/11/2021,12699000000,2021,SUV,Mới,Nhập khẩu,0,Tp.HCM,Số tự động,Xăng
Toyota Innova 2.0E 2020,18/11/2021,610000000,2020,MPV,Đã qua sử dụng,Trong nước,16000,Tp.HCM,Số tay,Xăng
Mitsubishi Attrage  2021,18/11/2021,375000000,2021,Sedan,Mới,Nhập khẩu,0,Thái Bình,Số tay,Xăng
Mitsubishi Xpander  2021,18/11/2021,555000000,2021,MPV,Mới,Trong nước,0,Thái Bình,Số tay,Xăng
Toyota Vios  2021,18/11/2021,478000000,2021,Sedan,Mới,Trong nước,0,Bắc Ninh,Số tự động,Xăng
VinFast LUX A2.0  2021,18/11/2021,881000000,2021,Sedan,Mới,Trong nước,0,Hà Nội,Số tự động,Xăng
VinFast LUX SA2.0  2021,18/11/2021,826000000,2021,SUV,Mới,Trong nước,0,Hà Nội,Số tự động,Xăng
VinFast Fadil  2021,18/11/2021,382000000,2021,Hatchback,Mới,Trong nước,0,Hà Nội,Số tự động,Xăng
Subaru Forester  2021,18/11/2021,899000000,2021,SUV,Mới,Nhập khẩu,0,Tp.HCM,Số tự động,Xăng
Ford Everest  2021,18/11/2021,1112000000,2021,SUV,Mới,Nhập khẩu,0,Tp.HCM,Số tự động,Diesel
Ford Ranger  2021,18/11/2021,650000000,2021,Pick-up Truck,Mới,Nhập khẩu,0,Tp.HCM,Số tự động,Diesel
Mazda CX-5  2019,18/11/2021,785000000,2019,SUV,Đã qua sử dụng,Trong nước,21000,Tp.HCM,Số tự động,Xăng
Toyota Fortuner  2021,18/11/2021,1080000000,2021,SUV,Mới,Trong nước,0,Tp.HCM,Số tự động,Diesel
Toyota Corolla Cross  2021,18/11/2021,720000000,2021,SUV,Mới,Trong nước,0,Đồng Nai,Số tự động,Xăng
Hyundai Accent  2021,18/11/2021,532000000,2021,Sedan,Mới,Trong nước,0,Hà Nội,Số tự động,Xăng
Volvo XC90  2019,18/11/2021,3680000000,2019,SUV,Đã qua sử dụng,Nhập khẩu,34000,Hà Nội,Số tự động,Xăng
Hyundai Grand i10  2021,18/11/2021,435000000,2021,Hatchback,Mới,Trong nước,0,Tp.HCM,Số tự động,Xăng
Mercedes-Benz G63  2021,18/11/2021,13100000000,2021,SUV,Mới,Nhập khẩu,0,Hà Nội,Số tự động,Xăng
Mercedes-Benz G63 4.0 V8 2021,18/11/2021,13100000000,2021,SUV,Mới,Nhập khẩu,0,Tp.HCM,Số tự động,Xăng
Bentley Flying Spur  2021,18/11/2021,19850000000,2021,Sedan,Mới,Nhập khẩu,0,Hà Nội,Số tự động,Xăng
Bentley Flying Spur  2021,18/11/2021,19900000000,2021,Sedan,Mới,Nhập khẩu,0,Tp.HCM,Số tự động,Xăng
Mazda CX-5  2014,18/11/2021,555000000,2014,CUV,Đã qua sử dụng,Trong nước,80000,Ninh Bình,Số tự động,Xăng
Jeep Gladiator   2020,18/11/2021,3766000000,2020,Pick-up Truck,Mới,Nhập khẩu,0,Tp.HCM,Số tự động,Xăng
Jeep Wrangler  2021,18/11/2021,3688000000,2021,SUV,Mới,Nhập khẩu,0,Tp.HCM,Số tự động,Xăng
Bentley Flying Spur  2021,18/11/2021,18900000000,2021,Sedan,Mới,Nhập khẩu,0,Hà Nội,Số tự động,Xăng
Mercedes-Maybach GLS 600  2021,18/11/2021,15800000000,2021,SUV,Mới,Nhập khẩu,0,Hà Nội,Số tự động,Xăng
Hyundai Accent  2021,18/11/2021,391000000,2021,Sedan,Mới,Trong nước,0,Hà Nội,Số tự động,Xăng
Ford Everest  2021,18/11/2021,1099000000,2021,SUV,Mới,Nhập khẩu,0,Tp.HCM,Số tự động,Diesel
Isuzu D-Max  2021,18/11/2021,575000000,2021,Pick-up Truck,Mới,Nhập khẩu,0,Tp.HCM,Số tự động,Diesel
Cadillac Escalade  2021,18/11/2021,11300000000,2021,SUV,Mới,Nhập khẩu,0,Hà Nội,Số tự động,Xăng
Isuzu mu-X  2021,18/11/2021,725000000,2021,SUV,Mới,Nhập khẩu,0,Tp.HCM,Số tay,Diesel
Ford Ranger  2021,18/11/2021,610000000,2021,Pick-up Truck,Mới,Nhập khẩu,0,Tp.HCM,Số tay,Diesel
Cadillac Escalade ESV Platinum 2021,18/11/2021,8800000000,2021,SUV,Mới,Nhập khẩu,0,Hà Nội,Số tự động,Diesel
Mitsubishi Xpander  2021,18/11/2021,555000000,2021,MPV,Mới,Nhập khẩu,0,Tiền Giang,Số tay,Xăng
Ford Ranger  Wildtrak 2021,18/11/2021,925000000,2021,Pick-up Truck,Mới,Trong nước,0,Tp.HCM,Số tự động,Diesel
Mercedes-Benz E180  2021,18/11/2021,1800000000,2021,Sedan,Đã qua sử dụng,Trong nước,9000,Đà Nẵng,Số tự động,Xăng
Hyundai Kona  2021,18/11/2021,629000000,2021,SUV,Mới,Trong nước,0,Hà Nội,Số tự động,Xăng
VinFast LUX SA2.0  2021,18/11/2021,826000000,2021,SUV,Mới,Trong nước,0,Hà Nội,Số tự động,Xăng
VinFast LUX SA2.0  2021,18/11/2021,826000000,2021,SUV,Mới,Trong nước,0,Hà Nội,Số tự động,Xăng
Mercedes-Benz S450 Limited 2020,18/11/2021,4169000000,2020,Sedan,Đã qua sử dụng,Trong nước,39000,Đà Nẵng,Số tự động,Xăng
VinFast LUX A2.0  2021,18/11/2021,881000000,2021,Sedan,Mới,Trong nước,0,Hà Nội,Số tự động,Xăng
Honda HR-V  2021,18/11/2021,766000000,2021,SUV,Mới,Nhập khẩu,0,Hà Nội,Số tự động,Xăng
VinFast LUX SA2.0  2021,18/11/2021,1026000000,2021,SUV,Mới,Trong nước,0,Bắc Ninh,Số tự động,Xăng
Hyundai Avante  2012,18/11/2021,349000000,2012,Sedan,Đã qua sử dụng,Nhập khẩu,50000,Tp.HCM,Số tự động,Xăng
BMW 325i  2011,18/11/2021,460000000,2011,Sedan,Đã qua sử dụng,Nhập khẩu,71889,Hà Nội,Số tự động,Xăng
Toyota Highlander Limited AWD 2015,18/11/2021,2050000000,2015,SUV,Đã qua sử dụng,Nhập khẩu,60000,Hà Nội,Số tự động,Xăng
Porsche 911 Carrera 2021,18/11/2021,8800000000,2021,Coupe,Mới,Nhập khẩu,0,Hà Nội,Số tự động,Xăng
Toyota Sienna Limited 3.5  2018,18/11/2021,3580000000,2018,Van/Minivan,Đã qua sử dụng,Nhập khẩu,40000,Tp.HCM,Số tự động,Xăng
Kia Sorento  2013,18/11/2021,535000000,2013,SUV,Đã qua sử dụng,Trong nước,62000,Tp.HCM,Số tự động,Xăng
VinFast LUX SA2.0  2021,18/11/2021,826000000,2021,SUV,Mới,Trong nước,0,Hải Phòng,Số tự động,Xăng
VinFast LUX A2.0  2021,17/11/2021,881000000,2021,Sedan,Mới,Trong nước,0,Hà Nội,Số tự động,Xăng
VinFast LUX A2.0  2021,17/11/2021,881000000,2021,Sedan,Mới,Trong nước,0,Hà Nội,Số tự động,Xăng
Hyundai Accent  2021,17/11/2021,492000000,2021,Sedan,Mới,Trong nước,0,Hà Nội,Số tự động,Xăng
Rolls-Royce Phantom  2014,17/11/2021,28990000000,2014,Sedan,Đã qua sử dụng,Nhập khẩu,13000,Hà Nội,Số tự động,Xăng
VinFast LUX A2.0  2021,17/11/2021,681000000,2021,Sedan,Mới,Trong nước,0,Hà Nội,Số tự động,Xăng
VinFast LUX SA2.0  2021,17/11/2021,1026000000,2021,SUV,Mới,Trong nước,0,Hà Nội,Số tự động,Xăng
VinFast LUX A2.0  2021,17/11/2021,681000000,2021,Sedan,Mới,Trong nước,0,Hà Nội,Số tự động,Xăng
Mercedes-Benz G63  2021,17/11/2021,12800000000,2021,SUV,Mới,Nhập khẩu,0,Hà Nội,Số tự động,Xăng
Audi Q5  2021,17/11/2021,2680000000,2021,SUV,Mới,Nhập khẩu,0,Hải Phòng,Số tự động,Xăng
Audi Q8  2021,17/11/2021,4505000000,2021,SUV,Mới,Nhập khẩu,0,Quảng Ninh,Số tự động,
Audi Q8  2021,17/11/2021,4505000000,2021,SUV,Mới,Nhập khẩu,0,Bắc Ninh,Số tự động,
Audi Q8  2021,17/11/2021,4505000000,2021,SUV,Mới,Nhập khẩu,0,Hà Nội,Số tự động,
Kia Cerato  2018,17/11/2021,550000000,2018,Sedan,Đã qua sử dụng,Trong nước,60000,Hà Nội,Số tự động,Xăng
Porsche Macan  2021,17/11/2021,4250000000,2021,SUV,Mới,Nhập khẩu,0,Quảng Ninh,Số tự động,Xăng
Mitsubishi Outlander 2.0 CVT Premium 2021,17/11/2021,950000000,2021,SUV,Mới,Trong nước,0,Hà Nội,Số tự động,Xăng
VinFast LUX SA2.0  2021,17/11/2021,826000000,2021,SUV,Mới,Trong nước,0,Hà Nội,Số tự động,Xăng
Hyundai Accent  2021,17/11/2021,443000000,2021,Sedan,Mới,Trong nước,0,Hà Nội,Số tay,Xăng
Suzuki Super Carry Pro  2021,17/11/2021,295000000,2021,Truck,Mới,Nhập khẩu,0,Tp.HCM,Số tay,Xăng
Lexus LX 570  2021,17/11/2021,9980000000,2021,SUV,Mới,Nhập khẩu,0,Hải Phòng,Số tự động,Xăng
Mitsubishi Outlander 2.0 CVT Premium 2021,17/11/2021,950000000,2021,SUV,Mới,Trong nước,0,Tp.HCM,Số tự động,Xăng
MG HS  2021,17/11/2021,869000000,2021,SUV,Mới,Nhập khẩu,0,Tp.HCM,Số tự động,Xăng
Hyundai Santa Fe  2021,17/11/2021,1290000000,2021,SUV,Mới,Trong nước,0,Hà Nội,Số tự động,Diesel
Toyota Vios  2021,17/11/2021,531000000,2021,Sedan,Mới,Trong nước,0,Hà Nội,Số tự động,Xăng
Mitsubishi Xpander  2021,17/11/2021,630000000,2021,MPV,Mới,Nhập khẩu,0,Hà Nội,Số tự động,Xăng
Honda City  2018,17/11/2021,510000000,2018,Sedan,Đã qua sử dụng,Trong nước,46000,Hà Nội,Số tự động,Xăng
Mitsubishi Attrage  2021,17/11/2021,375000000,2021,Sedan,Mới,Nhập khẩu,0,Hà Nội,Số tay,Xăng
Hyundai Accent  2019,17/11/2021,495000000,2019,Sedan,Đã qua sử dụng,Trong nước,13000,Hà Nội,Số tự động,Xăng
Toyota Fortuner  2021,17/11/2021,995000000,2021,SUV,Mới,Trong nước,0,Tp.HCM,Số tay,Diesel
Porsche 718 Cayman 2017,17/11/2021,4650000000,2017,Sport Car,Đã qua sử dụng,Nhập khẩu,14000,Hà Nội,Số tự động,Xăng
Lincoln Navigator  2021,17/11/2021,8600000000,2021,SUV,Mới,Nhập khẩu,0,Tp.HCM,Số tự động,Xăng
Toyota Sienna  2021,17/11/2021,4250000000,2021,Van/Minivan,Mới,Nhập khẩu,0,Hà Nội,Số tự động,Hybrid
Lexus LX 570  2021,17/11/2021,9950000000,2021,SUV,Mới,Nhập khẩu,0,Tp.HCM,Số tự động,Xăng
Toyota Fortuner  2021,17/11/2021,1080000000,2021,SUV,Mới,Trong nước,0,Tp.HCM,Số tự động,Diesel
Audi A6  2021,17/11/2021,2570000000,2021,Sedan,Mới,Nhập khẩu,0,Hà Nội,Số tự động,Xăng
Audi Q3  2021,17/11/2021,2120000000,2021,SUV,Mới,Nhập khẩu,0,Hà Nội,Số tự động,Xăng
Ford Ranger Raptor  2021,17/11/2021,1202000000,2021,Pick-up Truck,Mới,Nhập khẩu,0,Lâm Đồng,Số tự động,Xăng
Mercedes-Benz GLC 300 4Matic 2021,17/11/2021,2499000000,2021,SUV,Mới,Trong nước,0,Hà Nội,Số tự động,Xăng
MG ZS  2021,17/11/2021,509000000,2021,SUV,Mới,Nhập khẩu,0,Tp.HCM,Số tự động,Xăng
Suzuki Vitara  2014,17/11/2021,499000000,2014,SUV,Đã qua sử dụng,Nhập khẩu,72889,Hà Nội,Số tự động,Xăng
Kia Morning  2021,17/11/2021,799000000,2021,Hatchback,Đã qua sử dụng,Trong nước,2600,Hà Nội,Số tự động,Xăng
Porsche 718 Cayman  2018,17/11/2021,4850000000,2018,Sport Car,Đã qua sử dụng,Nhập khẩu,25000,Hà Nội,Số tự động,Xăng
Ford Ranger XLS 2021,17/11/2021,670000000,2021,Pick-up Truck,Mới,Nhập khẩu,0,Quảng Bình,Số tự động,Diesel
Toyota Wigo 1.2AT 2021,17/11/2021,385000000,2021,Hatchback,Mới,Nhập khẩu,0,Tp.HCM,Số tự động,Xăng
Ford Everest  2012,17/11/2021,439000000,2012,SUV,Đã qua sử dụng,Trong nước,118000,Tp.HCM,Số tự động,Xăng
Porsche Macan  2016,17/11/2021,2750000000,2016,CUV,Đã qua sử dụng,Nhập khẩu,28000,Tp.HCM,Số tự động,Xăng
Lexus LX 570  2021,17/11/2021,10099000000,2021,SUV,Mới,Nhập khẩu,0,Hà Nội,Số tự động,Xăng
Lexus LX 570  2021,17/11/2021,10099000000,2021,SUV,Mới,Nhập khẩu,0,Tp.HCM,Số tự động,Xăng
Ford Ranger  2021,17/11/2021,616000000,2021,Pick-up Truck,Mới,Nhập khẩu,0,Hà Nội,Số tự động,Xăng
Ford Everest  2021,17/11/2021,1112000000,2021,SUV,Mới,Nhập khẩu,0,Hà Nội,Số tự động,Diesel
MG ZS  2021,17/11/2021,519000000,2021,SUV,Mới,Nhập khẩu,0,Tp.HCM,Số tự động,Xăng
Volkswagen Teramont  2021,17/11/2021,2348000000,2021,SUV,Mới,Nhập khẩu,0,Tp.HCM,Số tự động,Xăng
Ford Everest Sport 2.0L 4x2AT 2021,17/11/2021,1112000000,2021,SUV,Mới,Nhập khẩu,0,Hà Nội,Số tự động,Diesel
Hyundai Accent  2021,17/11/2021,495000000,2021,Sedan,Mới,Trong nước,0,Hà Nội,Số tự động,Xăng
Ford Ranger  2021,17/11/2021,616000000,2021,Pick-up Truck,Mới,Nhập khẩu,0,Hà Nội,Số tự động,Diesel
Cadillac Escalade  2021,17/11/2021,9200000000,2021,SUV,Mới,Nhập khẩu,0,Hà Nội,Số tự động,Diesel
Mercedes-Benz GLC 200  2021,17/11/2021,2079000000,2021,SUV,Đã qua sử dụng,Trong nước,8000,Đà Nẵng,Số tự động,Xăng
Honda Brio  2021,17/11/2021,418000000,2021,Hatchback,Mới,Nhập khẩu,0,Tp.HCM,Số tự động,Xăng
Suzuki XL7  2021,17/11/2021,550000000,2021,SUV,Mới,Nhập khẩu,0,Đà Nẵng,Số tự động,Xăng
Honda City E 2021,17/11/2021,499000000,2021,Sedan,Mới,Trong nước,0,Tp.HCM,Số tự động,Xăng
Lexus RX 350  2019,17/11/2021,4050000000,2019,SUV,Đã qua sử dụng,Nhập khẩu,26000,Hà Nội,Số tự động,Xăng
BMW X5  2007,17/11/2021,595000000,2007,SUV,Đã qua sử dụng,Nhập khẩu,124000,Hà Nội,Số tự động,Xăng
VinFast LUX SA2.0  2021,17/11/2021,1026000000,2021,SUV,Mới,Trong nước,0,Hà Nội,Số tự động,Xăng
Honda City  2019,17/11/2021,495000000,2019,Sedan,Đã qua sử dụng,Trong nước,31000,Hà Nội,Số tự động,Xăng
Ford Ranger  2021,17/11/2021,616000000,2021,Pick-up Truck,Mới,Trong nước,0,Tp.HCM,Số tự động,Diesel
VinFast LUX A2.0  2021,17/11/2021,881000000,2021,Sedan,Mới,Trong nước,0,Hà Nội,Số tự động,Xăng
VinFast Fadil  2021,17/11/2021,382000000,2021,Hatchback,Mới,Trong nước,0,Hà Nội,Số tự động,Xăng
Hyundai Santa Fe  2021,17/11/2021,995000000,2021,SUV,Mới,Trong nước,0,Hà Nội,Số tự động,Diesel
VinFast LUX SA2.0  2021,17/11/2021,1026000000,2021,SUV,Mới,Trong nước,0,Hà Nội,Số tự động,Xăng
Suzuki Ertiga Sport 2021,17/11/2021,485000000,2021,MPV,Mới,Trong nước,0,Hà Nội,Số tự động,Xăng
VinFast LUX SA2.0  2021,17/11/2021,1026000000,2021,SUV,Mới,Trong nước,0,Hà Nội,Số tự động,Xăng
VinFast LUX A2.0  2021,17/11/2021,681000000,2021,Sedan,Mới,Trong nước,0,Hà Nội,Số tự động,Xăng
Nissan Navara  2015,17/11/2021,535000000,2015,Pick-up Truck,Đã qua sử dụng,Nhập khẩu,71909,Hà Nội,Số tự động,Xăng
Lexus LX 570  2009,17/11/2021,2379000000,2009,SUV,Đã qua sử dụng,Nhập khẩu,80000,Tp.HCM,Số tự động,Xăng
Porsche Cayenne  2021,17/11/2021,6399000000,2021,CUV,Mới,Nhập khẩu,0,Hà Nội,Số tự động,Xăng
Land Rover Range Rover  2016,17/11/2021,4750000000,2016,SUV,Đã qua sử dụng,Nhập khẩu,31179,Tp.HCM,Số tự động,Xăng
Porsche Macan  2021,17/11/2021,3990000000,2021,SUV,Mới,Nhập khẩu,0,Hà Nội,Số tự động,Xăng
Mercedes-Benz S400  2015,17/11/2021,2390000000,2015,Sedan,Đã qua sử dụng,Trong nước,64360,Hà Nội,Số tự động,Xăng
Mercedes-Benz C200  2017,17/11/2021,1145000000,2017,Sedan,Đã qua sử dụng,Trong nước,30000,Hà Nội,Số tự động,Xăng
Mercedes-Benz GLA 45 4MATIC 2014,17/11/2021,1050000000,2014,SUV,Đã qua sử dụng,Nhập khẩu,88495,Hà Nội,Số tự động,Xăng
Mercedes-Benz S400  2014,17/11/2021,2180000000,2014,Sedan,Đã qua sử dụng,Trong nước,88495,Hà Nội,Số tự động,Xăng
Mercedes-Benz C250  2016,16/11/2021,1130000000,2016,Sedan,Đã qua sử dụng,Trong nước,50000,Hà Nội,Số tự động,Xăng
Land Rover Range Rover  2010,16/11/2021,1020000000,2010,SUV,Đã qua sử dụng,Nhập khẩu,94931,Hà Nội,Số tự động,Xăng
Mercedes-Benz S400  2015,16/11/2021,2480000000,2015,Sedan,Đã qua sử dụng,Trong nước,52000,Hà Nội,Số tự động,Xăng
Mercedes-Benz C200  2014,16/11/2021,625000000,2014,Sedan,Đã qua sử dụng,Trong nước,60000,Hà Nội,Số tự động,Xăng
Toyota Innova E 2018,16/11/2021,545000000,2018,MPV,Đã qua sử dụng,Trong nước,50000,Hà Nội,Số tay,Xăng
Jeep Wrangler  2021,16/11/2021,3688000000,2021,SUV,Mới,Nhập khẩu,0,Tp.HCM,Số tự động,Xăng
Toyota Camry  2019,16/11/2021,850000000,2019,Sedan,Đã qua sử dụng,Trong nước,8900,Tp.HCM,Số tự động,Xăng
Mercedes-Benz C300 2017 2017,18/11/2021,1290000000,2017,Sedan,Đã qua sử dụng,Nhập khẩu,53000,Hà Nội,Số tự động,Xăng
Suzuki Carry 2021 2021,17/11/2021,300000000,2021,Truck,Mới,Trong nước,0,Tp.HCM,Số tay,Xăng
Suzuki Ertiga 2021 2021,17/11/2021,450000000,2021,SUV,Mới,Nhập khẩu,0,Tp.HCM,Số tay,Xăng
Kia Sorento 2021 2021,17/11/2021,1079000000,2021,SUV,Mới,Trong nước,0,Hà Nội,Số tự động,Xăng
Volvo S60 2021 2021,17/11/2021,1690000000,2021,Sedan,Mới,Nhập khẩu,0,Hà Nội,Số tự động,Xăng
Ford Ranger  2016,17/11/2021,490000000,2016,Pick-up Truck,Đã qua sử dụng,Nhập khẩu,56000,Tp.HCM,Số tự động,Diesel
Kia Rio 2011 2011,16/11/2021,300000000,2011,Hatchback,Đã qua sử dụng,Nhập khẩu,100000,Hà Nội,Số tự động,Xăng
Kia K3 2014 2014,16/11/2021,428000000,2014,Sedan,Đã qua sử dụng,Trong nước,80000,Hà Nội,Số tự động,Xăng
VinFast LUX A2.0 2021 2021,16/11/2021,881000000,2021,SUV,Mới,Trong nước,0,Hà Nội,Số tự động,Xăng
Hyundai Tucson 2015 2015,16/11/2021,700000000,2015,CUV,Đã qua sử dụng,Nhập khẩu,55000,Hà Nội,Số tự động,Xăng
Kia Seltos 2021 2021,16/11/2021,689000000,2021,SUV,Mới,Trong nước,0,Hà Nội,Số tự động,Xăng
Mercedes-Benz C200 2021 2021,16/11/2021,1600000000,2021,Sedan,Đã qua sử dụng,Trong nước,2800,Hà Nội,Số tự động,Xăng
Kia Cerato 2020 2020,16/11/2021,600000000,2020,Sedan,Đã qua sử dụng,Trong nước,20000,Hà Nội,Số tự động,Xăng
Chevrolet Spark LTZ 2015,18/11/2021,255000000,2015,Hatchback,Đã qua sử dụng,Trong nước,34500,Tp.HCM,Số tự động,Xăng
Kia Cerato  2017,18/11/2021,520000000,2017,Sedan,Đã qua sử dụng,Trong nước,50000,Tp.HCM,Số tự động,Xăng
Ford Everest  2011,18/11/2021,445000000,2011,SUV,Đã qua sử dụng,Trong nước,60000,Tp.HCM,Số tay,Diesel
Ford Everest  2021,18/11/2021,1112000000,2021,SUV,Mới,Nhập khẩu,0,An Giang,Số tự động,Diesel
Ford Focus  2018,18/11/2021,529000000,2018,Hatchback,Đã qua sử dụng,Trong nước,35000,Hà Nội,Số tự động,Xăng
Jeep Wrangler  2021,18/11/2021,3316000000,2021,SUV,Mới,Nhập khẩu,0,Tp.HCM,Số tự động,Xăng
Ford Everest  2021,18/11/2021,1112000000,2021,SUV,Mới,Nhập khẩu,0,Kiên Giang,Số tự động,Diesel
Jeep Wrangler  2021,18/11/2021,3688000000,2021,SUV,Mới,Nhập khẩu,0,Tp.HCM,Số tự động,Xăng
Hyundai Grand i10  2014,18/11/2021,183000000,2014,Hatchback,Đã qua sử dụng,Trong nước,80000,Bắc Ninh,Số tay,Xăng
Ford Ranger  2021,18/11/2021,616000000,2021,Pick-up Truck,Mới,Trong nước,0,Thanh Hóa,Số tay,Diesel
Mitsubishi Pajero Sport  2018,18/11/2021,725000000,2018,SUV,Đã qua sử dụng,Trong nước,40000,Tp.HCM,Số tay,Diesel
Hyundai Kona 1.6 Turbo 2018,18/11/2021,628000000,2018,SUV,Đã qua sử dụng,Trong nước,45000,Tp.HCM,Số tự động,Xăng
Mazda 6  2020,18/11/2021,825000000,2020,Sedan,Đã qua sử dụng,Trong nước,28000,Tp.HCM,Số tự động,Xăng
Mazda 6  2015,18/11/2021,555000000,2015,Sedan,Đã qua sử dụng,Trong nước,60000,Hà Nội,Số tự động,Xăng
Ford Ranger  2015,18/11/2021,470000000,2015,Pick-up Truck,Đã qua sử dụng,Nhập khẩu,240000,Long An,Số tự động,Diesel
Lexus IS 300  2021,18/11/2021,2130000000,2021,Sedan,Mới,Nhập khẩu,0,Tp.HCM,Số tự động,Xăng
Lexus LX 600  2021,18/11/2021,8340000000,2021,SUV,Mới,Nhập khẩu,0,Tp.HCM,Số tự động,Xăng
Lexus ES 250  2021,18/11/2021,2540000000,2021,Sedan,Mới,Nhập khẩu,0,Tp.HCM,Số tự động,Xăng
Lexus RX 450  2021,18/11/2021,4950000000,2021,SUV,Mới,Nhập khẩu,0,Tp.HCM,Số tự động,Xăng
Lexus RX 350  2021,18/11/2021,4220000000,2021,SUV,Mới,Nhập khẩu,0,Tp.HCM,Số tự động,Xăng
Lexus LM 350  2021,18/11/2021,6800000000,2021,MPV,Mới,Nhập khẩu,0,Tp.HCM,Số tự động,Xăng
Lexus RX 350  2021,18/11/2021,4130000000,2021,SUV,Mới,Nhập khẩu,0,Tp.HCM,Số tự động,Xăng
VinFast LUX A2.0  2021,18/11/2021,881000000,2021,Sedan,Mới,Trong nước,0,Hà Nội,Số tự động,Xăng
Volvo XC40  2021,18/11/2021,1750000000,2021,SUV,Mới,Nhập khẩu,0,Tp.HCM,Số tự động,Xăng
Lincoln Navigator  2018,18/11/2021,6850000000,2018,SUV,Đã qua sử dụng,Nhập khẩu,19200,Tp.HCM,Số tự động,Xăng
Land Rover Range Rover Evoque Dynamic 2015,18/11/2021,1690000000,2015,SUV,Đã qua sử dụng,Nhập khẩu,40000,Tp.HCM,Số tự động,Xăng
Toyota Innova  2015,18/11/2021,405000000,2015,MPV,Đã qua sử dụng,Trong nước,15000,Hà Nội,Số tự động,Xăng
Land Rover Discovery HSE 2019,18/11/2021,3860000000,2019,SUV,Đã qua sử dụng,Nhập khẩu,32000,Tp.HCM,Số tự động,Xăng
Hyundai Grand i10  2014,18/11/2021,200000000,2014,Hatchback,Đã qua sử dụng,Trong nước,100000,Bắc Ninh,Số tay,Xăng
Mitsubishi Attrage  2021,18/11/2021,375000000,2021,Sedan,Mới,Trong nước,0,Hà Nội,Số tự động,Xăng
MG ZS  2021,18/11/2021,519000000,2021,SUV,Mới,Nhập khẩu,0,Vĩnh Phúc,Số tự động,Xăng
Toyota Vios  2021,18/11/2021,478000000,2021,Sedan,Mới,Trong nước,0,Thái Bình,Số tự động,Xăng
Toyota Fortuner  2013,18/11/2021,560000000,2013,SUV,Đã qua sử dụng,Trong nước,120000,Hà Nội,Số tự động,Xăng
BAIC X55  2021,18/11/2021,508000000,2021,SUV,Mới,Nhập khẩu,0,Hà Nội,Số tự động,Loại khác
Mercedes-Benz S 450L  2020,18/11/2021,2850000000,2020,Sedan,Đã qua sử dụng,Nhập khẩu,14000,Hà Nội,Số tự động,Xăng
Lexus LX 570  2013,18/11/2021,3560000000,2013,SUV,Đã qua sử dụng,Nhập khẩu,40000,Hà Nội,Số tự động,Xăng
Ford Ranger  2021,18/11/2021,616000000,2021,Pick-up Truck,Mới,Nhập khẩu,0,Vĩnh Phúc,Số tự động,Diesel
Volvo XC90  2021,18/11/2021,3890000000,2021,SUV,Mới,Nhập khẩu,0,Tp.HCM,Số tự động,Xăng
BMW 523i  2011,18/11/2021,690000000,2011,Sedan,Đã qua sử dụng,Nhập khẩu,90000,Hà Nội,Số tự động,Xăng
Hyundai Elantra 2.0 2016,18/11/2021,499000000,2016,Sedan,Đã qua sử dụng,Trong nước,35000,Hà Nội,Số tự động,Xăng
Hyundai Kona  2018,18/11/2021,635000000,2018,SUV,Đã qua sử dụng,Trong nước,30000,Hà Nội,Số tự động,Xăng
Mercedes-Benz C180  2021,18/11/2021,1499000000,2021,Sedan,Mới,Trong nước,0,Tp.HCM,Số tự động,Xăng
VinFast LUX SA2.0  2021,18/11/2021,1026000000,2021,SUV,Mới,Trong nước,0,Bình Dương,Số tự động,Xăng
Hyundai Santa Fe  2020,18/11/2021,1110000000,2020,SUV,Đã qua sử dụng,Trong nước,15000,Hà Nội,Số tự động,Xăng
Hyundai Grand i10  2021,18/11/2021,330000000,2021,Hatchback,Mới,Trong nước,0,Tp.HCM,Số tay,Xăng
Toyota Innova  2018,18/11/2021,625000000,2018,MPV,Đã qua sử dụng,Trong nước,32689,Hà Nội,Số tự động,Xăng
Subaru Forester  2021,18/11/2021,899000000,2021,SUV,Mới,Nhập khẩu,0,Lâm Đồng,Số tự động,Xăng
Toyota Fortuner  2019,18/11/2021,935000000,2019,SUV,Đã qua sử dụng,Nhập khẩu,23000,Tp.HCM,Số tự động,Xăng
Toyota Corolla Cross  2020,18/11/2021,865000000,2020,SUV,Đã qua sử dụng,Nhập khẩu,9000,Hà Nội,Số tự động,Xăng
Mitsubishi Xpander  2019,18/11/2021,555000000,2019,MPV,Đã qua sử dụng,Nhập khẩu,50000,Hà Nội,Số tự động,Xăng
Toyota Land Cruiser Prado  2016,18/11/2021,1780000000,2016,SUV,Đã qua sử dụng,Nhập khẩu,52000,Hà Nội,Số tự động,Xăng
Mazda 3  2019,18/11/2021,610000000,2019,Sedan,Đã qua sử dụng,Trong nước,26000,Hà Nội,Số tự động,Xăng
Peugeot 5008  2021,18/11/2021,1199000000,2021,SUV,Mới,Trong nước,0,Bến Tre,Số tự động,Xăng
Suzuki Super Carry Van    2005,18/11/2021,130000000,2005,Van/Minivan,Đã qua sử dụng,Trong nước,112000,Đắk Lắk,Số tay,Xăng
Suzuki Vitara  2004,18/11/2021,175000000,2004,SUV,Đã qua sử dụng,Nhập khẩu,16500,Hà Nội,Số tay,Xăng
Mazda 3  1.5 AT 2018,18/11/2021,545000000,2018,Sedan,Đã qua sử dụng,Trong nước,49000,Bình Dương,Số tự động,Xăng
Toyota Vios  2017,18/11/2021,347000000,2017,Sedan,Đã qua sử dụng,Trong nước,38000,Đà Nẵng,Số tay,Xăng
VinFast LUX A2.0 A2.0 2021,18/11/2021,881000000,2021,Sedan,Mới,Trong nước,0,Tp.HCM,Số tự động,Xăng
Toyota Corolla Altis  2016,18/11/2021,550000000,2016,Sedan,Đã qua sử dụng,Trong nước,60000,Hà Nội,Số tự động,Xăng
Ford Everest  2011,18/11/2021,438000000,2011,SUV,Đã qua sử dụng,Trong nước,11000,Hà Nội,Số tự động,Diesel
Mercedes-Benz C200  2016,18/11/2021,965000000,2016,Sedan,Đã qua sử dụng,Trong nước,60000,Hà Nội,Số tự động,Xăng
Suzuki Vitara  2004,18/11/2021,175000000,2004,SUV,Đã qua sử dụng,Nhập khẩu,16500,Hà Nội,Số tay,Xăng
Mazda 3  1.5 AT 2018,18/11/2021,545000000,2018,Sedan,Đã qua sử dụng,Trong nước,49000,Bình Dương,Số tự động,Xăng
Toyota Vios  2017,18/11/2021,347000000,2017,Sedan,Đã qua sử dụng,Trong nước,38000,Đà Nẵng,Số tay,Xăng
VinFast LUX A2.0 A2.0 2021,18/11/2021,881000000,2021,Sedan,Mới,Trong nước,0,Tp.HCM,Số tự động,Xăng
Toyota Corolla Altis  2016,18/11/2021,550000000,2016,Sedan,Đã qua sử dụng,Trong nước,60000,Hà Nội,Số tự động,Xăng
Ford Everest  2011,18/11/2021,438000000,2011,SUV,Đã qua sử dụng,Trong nước,11000,Hà Nội,Số tự động,Diesel
Mercedes-Benz C200  2016,18/11/2021,965000000,2016,Sedan,Đã qua sử dụng,Trong nước,60000,Hà Nội,Số tự động,Xăng
Mitsubishi Xpander   2020,18/11/2021,500000000,2020,MPV,Đã qua sử dụng,Nhập khẩu,32000,Bình Dương,Số tay,Xăng
Toyota Vios  2020,18/11/2021,400000000,2020,Sedan,Đã qua sử dụng,Trong nước,43200,Long An,Số tay,Xăng
Toyota Fortuner  2017,18/11/2021,760000000,2017,SUV,Đã qua sử dụng,Nhập khẩu,150000,Tp.HCM,Số tay,Diesel
MG ZS  2021,18/11/2021,519000000,2021,SUV,Mới,Nhập khẩu,0,Vĩnh Phúc,Số tự động,Xăng
Mercedes-Benz S450  2017,18/11/2021,3050000000,2017,Sedan,Đã qua sử dụng,Nhập khẩu,14000,Hà Nội,Số tự động,Xăng
Mazda 3  2015,18/11/2021,460000000,2015,Sedan,Đã qua sử dụng,Nhập khẩu,87000,Tp.HCM,Số tự động,Xăng
Volkswagen Tiguan  2013,18/11/2021,570000000,2013,SUV,Đã qua sử dụng,Nhập khẩu,55000,Hà Nội,Số tự động,Xăng
Kia Carens  2011,18/11/2021,280000000,2011,CUV,Đã qua sử dụng,Trong nước,50000,Lâm Đồng,Số tay,Xăng
Volkswagen Polo  2018,18/11/2021,535000000,2018,Hatchback,Đã qua sử dụng,Nhập khẩu,12373,Hà Nội,Số tự động,Xăng
Thaco TOWNER    2020,18/11/2021,199000000,2020,Truck,Đã qua sử dụng,Trong nước,4000,Khánh Hòa,Số tay,Diesel
Toyota Innova  2018,18/11/2021,710000000,2018,MPV,Đã qua sử dụng,Trong nước,80000,Tp.HCM,Số tự động,Xăng
Toyota Land Cruiser Prado   2021,18/11/2021,2548000000,2021,SUV,Mới,Nhập khẩu,0,Hà Nội,Số tự động,Xăng
Toyota Cressida    1993,18/11/2021,79000000,1993,Sedan,Đã qua sử dụng,Nhập khẩu,150000,Hà Nội,Số tay,Xăng
Chevrolet Orlando  2012,18/11/2021,415000000,2012,MPV,Đã qua sử dụng,Trong nước,28000,Tp.HCM,Số tự động,Xăng
Mazda 3 S 1.6L AT  2014,18/11/2021,380000000,2014,Sedan,Đã qua sử dụng,Trong nước,60700,Đắk Lắk,Số tự động,Xăng
Kia Morning  2016,18/11/2021,265000000,2016,Hatchback,Đã qua sử dụng,Nhập khẩu,57000,Hà Nội,Số tự động,Xăng
Toyota Innova  2018,18/11/2021,710000000,2018,MPV,Đã qua sử dụng,Trong nước,80000,Tp.HCM,Số tự động,Xăng
Toyota Land Cruiser Prado   2021,18/11/2021,2548000000,2021,SUV,Mới,Nhập khẩu,0,Hà Nội,Số tự động,Xăng
Toyota Cressida    1993,18/11/2021,79000000,1993,Sedan,Đã qua sử dụng,Nhập khẩu,150000,Hà Nội,Số tay,Xăng
Chevrolet Orlando  2012,18/11/2021,415000000,2012,MPV,Đã qua sử dụng,Trong nước,28000,Tp.HCM,Số tự động,Xăng
Mazda 3 S 1.6L AT  2014,18/11/2021,380000000,2014,Sedan,Đã qua sử dụng,Trong nước,60700,Đắk Lắk,Số tự động,Xăng
Kia Morning  2016,18/11/2021,265000000,2016,Hatchback,Đã qua sử dụng,Nhập khẩu,57000,Hà Nội,Số tự động,Xăng
Mercedes-Benz GLC 200  2021,18/11/2021,1799000000,2021,SUV,Mới,Trong nước,0,Tp.HCM,Số tự động,Xăng
Hyundai Equus  2010,18/11/2021,1150000000,2010,Sedan,Đã qua sử dụng,Nhập khẩu,210000,Hà Nội,Số tự động,Xăng
Mitsubishi Xpander Cross    2020,18/11/2021,650000000,2020,SUV,Đã qua sử dụng,Nhập khẩu,1200,Tp.HCM,Số tự động,Xăng
Kia K3    2015,18/11/2021,450000000,2015,Sedan,Đã qua sử dụng,Trong nước,57000,Thái Nguyên,Số tự động,Xăng
Nissan Navara    2018,18/11/2021,518000000,2018,Pick-up Truck,Đã qua sử dụng,Nhập khẩu,40000,Vĩnh Phúc,Số tự động,Diesel
Kia Rio  2016,18/11/2021,348000000,2016,Sedan,Đã qua sử dụng,Nhập khẩu,80000,Tp.HCM,Số tự động,Xăng
Chevrolet Spark  2012,18/11/2021,97000000,2012,Hatchback,Đã qua sử dụng,Trong nước,92293,Nghệ An,Số tay,Xăng
Toyota Innova  2020,18/11/2021,605000000,2020,MPV,Đã qua sử dụng,Trong nước,35000,Long An,Số tay,Xăng
Toyota Camry  2008,18/11/2021,390000000,2008,Sedan,Đã qua sử dụng,Nhập khẩu,100000,Hà Nội,Số tự động,Xăng
Toyota Vios  2015,18/11/2021,325000000,2015,Sedan,Đã qua sử dụng,Trong nước,73000,Nghệ An,Số tay,Xăng
Kia Sorento  2019,18/11/2021,855000000,2019,SUV,Đã qua sử dụng,Trong nước,10000,Hà Nội,Số tự động,Diesel
BMW 740Li  2010,18/11/2021,900000000,2010,Sedan,Đã qua sử dụng,Nhập khẩu,70000,Hà Nội,Số tự động,Xăng
Kia Morning  2017,18/11/2021,285000000,2017,Hatchback,Đã qua sử dụng,Trong nước,50000,Tp.HCM,Số tự động,Xăng
VinFast LUX A2.0  2021,18/11/2021,881000000,2021,Sedan,Mới,Trong nước,0,Hà Nội,Số tự động,Xăng
Ford EcoSport  2016,18/11/2021,430000000,2016,SUV,Đã qua sử dụng,Trong nước,120000,Tp.HCM,Số tự động,Xăng
Kia Forte  2009,18/11/2021,280000000,2009,Sedan,Đã qua sử dụng,Nhập khẩu,15000,Hà Nội,Số tự động,Xăng
Toyota Fortuner  2011,18/11/2021,520000000,2011,SUV,Đã qua sử dụng,Nhập khẩu,150000,Tp.HCM,Số tự động,Xăng
Chevrolet Cruze  2016,18/11/2021,320000000,2016,Sedan,Đã qua sử dụng,Nhập khẩu,51000,Lâm Đồng,Số tay,Xăng
Toyota Innova  2018,18/11/2021,520000000,2018,MPV,Đã qua sử dụng,Nhập khẩu,50000,Đà Nẵng,Số tay,Xăng
Hyundai Santa Fe  2019,18/11/2021,925000000,2019,SUV,Đã qua sử dụng,Nhập khẩu,22000,Bà Rịa Vũng Tàu,Số tự động,Xăng
Hyundai Santa Fe  2008,18/11/2021,475000000,2008,SUV,Đã qua sử dụng,Nhập khẩu,65000,Bình Dương,Số tự động,Diesel
Toyota Camry  2020,18/11/2021,990000000,2020,Sedan,Đã qua sử dụng,Nhập khẩu,18000,Hà Nội,Số tự động,Xăng
Toyota Innova  2018,17/11/2021,420000000,2018,MPV,Đã qua sử dụng,Trong nước,74000,Tp.HCM,Số tay,Xăng
Hyundai Grand i10  2015,18/11/2021,230000000,2015,Hatchback,Đã qua sử dụng,Nhập khẩu,89000,Đắk Lắk,Số tay,Xăng
Toyota Yaris   1.5G  2015,18/11/2021,465000000,2015,Hatchback,Đã qua sử dụng,Nhập khẩu,40000,Hà Nội,Số tự động,Xăng
Hyundai Accent  2020,18/11/2021,550000000,2020,Sedan,Đã qua sử dụng,Nhập khẩu,22000,Hà Nội,Số tự động,Hybrid
Kia Morning   Si  2016,18/11/2021,273000000,2016,Hatchback,Đã qua sử dụng,Trong nước,80000,Tp.HCM,Số tự động,Xăng
Kia Morning  2010,18/11/2021,205000000,2010,Hatchback,Đã qua sử dụng,Trong nước,80000,Tp.HCM,Số tự động,Xăng
Kia Morning  2018,18/11/2021,255000000,2018,Hatchback,Đã qua sử dụng,Trong nước,62500,Hà Nội,Số tay,Xăng
Toyota Fortuner  2013,18/11/2021,580000000,2013,SUV,Đã qua sử dụng,Trong nước,100000,Ninh Bình,Số tay,Loại khác
Hyundai Accent  2020,18/11/2021,550000000,2020,Sedan,Đã qua sử dụng,Nhập khẩu,22000,Hà Nội,Số tự động,Hybrid
Kia Morning   Si  2016,18/11/2021,273000000,2016,Hatchback,Đã qua sử dụng,Trong nước,80000,Tp.HCM,Số tự động,Xăng
Kia Morning  2010,18/11/2021,205000000,2010,Hatchback,Đã qua sử dụng,Trong nước,80000,Tp.HCM,Số tự động,Xăng
Kia Morning  2018,18/11/2021,255000000,2018,Hatchback,Đã qua sử dụng,Trong nước,62500,Hà Nội,Số tay,Xăng
Toyota Fortuner  2013,18/11/2021,580000000,2013,SUV,Đã qua sử dụng,Trong nước,100000,Ninh Bình,Số tay,Loại khác
Mazda 626  2002,18/11/2021,165000000,2002,Sedan,Đã qua sử dụng,Trong nước,180000,Kiên Giang,Số tay,Xăng
Chevrolet Spark  2014,18/11/2021,215000000,2014,Hatchback,Đã qua sử dụng,Trong nước,131000,Tp.HCM,Số tự động,Xăng
Ford EcoSport  2019,18/11/2021,525000000,2019,SUV,Đã qua sử dụng,Nhập khẩu,43000,Tp.HCM,Số tự động,Xăng
Honda Civic  2010,18/11/2021,330000000,2010,Sedan,Đã qua sử dụng,Trong nước,36868,Quảng Trị,Số tự động,Xăng
Toyota Rush  2020,18/11/2021,610000000,2020,SUV,Đã qua sử dụng,Nhập khẩu,2500,Tp.HCM,Số tự động,Xăng
Chevrolet Cruze  2009,18/11/2021,196000000,2009,Sedan,Đã qua sử dụng,Nhập khẩu,120000,Hà Nội,Số tay,Xăng
Chevrolet Spark  2012,18/11/2021,125000000,2012,Hatchback,Đã qua sử dụng,Nhập khẩu,80000,Đắk Lắk,Số tay,Xăng
Chevrolet Cruze  2017,18/11/2021,345000000,2017,Sedan,Đã qua sử dụng,Nhập khẩu,50000,Tp.HCM,Số tay,Xăng
Mercedes-Benz S450  2017,18/11/2021,3390000000,2017,Sedan,Đã qua sử dụng,Trong nước,39000,Hà Nội,Số tự động,Xăng
Toyota Corona  1990,18/11/2021,45000000,1990,Sedan,Đã qua sử dụng,Nhập khẩu,26000,Long An,Số tay,Xăng
Honda Odyssey   EX-L  2007,18/11/2021,475000000,2007,Van/Minivan,Đã qua sử dụng,Nhập khẩu,67890,Hải Phòng,Số tự động,Xăng
Toyota Innova  2018,18/11/2021,550000000,2018,MPV,Đã qua sử dụng,Trong nước,80000,Tp.HCM,Số tay,Xăng
Audi Q7  2016,18/11/2021,2220000000,2016,SUV,Đã qua sử dụng,Nhập khẩu,50000,Hà Nội,Số tự động,Xăng
Ford Ranger  XLS số tự động 2014,18/11/2021,445000000,2014,Pick-up Truck,Đã qua sử dụng,Nhập khẩu,105000,Đồng Nai,Số tự động,Diesel
Mitsubishi Pajero Sport  2021,18/11/2021,1110000000,2021,SUV,Mới,Trong nước,0,Hà Nội,Xăng,
Mercedes-Benz GLC 250  2017,18/11/2021,1465000000,2017,SUV,Đã qua sử dụng,Trong nước,38000,Hà Nội,Số tự động,Xăng
Toyota Camry   3.5Q  2008,18/11/2021,435000000,2008,Sedan,Đã qua sử dụng,Trong nước,10300,Bà Rịa Vũng Tàu,Số tự động,Xăng
Honda City    2018,18/11/2021,420000000,2018,Sedan,Đã qua sử dụng,Trong nước,50000,Khánh Hòa,Số tự động,Xăng
Mitsubishi Attrage  2021,18/11/2021,485000000,2021,Sedan,Mới,Nhập khẩu,0,Tp.HCM,Số tự động,Xăng
Daewoo Lacetti   SE 2011,18/11/2021,220000000,2011,Sedan,Đã qua sử dụng,Nhập khẩu,20000,Hải Dương,Số tay,Xăng
Mitsubishi Lancer     2007,18/11/2021,230000000,2007,Sedan,Đã qua sử dụng,Trong nước,170000,Tp.HCM,Số tự động,Xăng
Toyota Vios     2013,18/11/2021,365000000,2013,Sedan,Đã qua sử dụng,Trong nước,27000,Hà Nội,Số tự động,Xăng
Ford EcoSport    2018,18/11/2021,485000000,2018,SUV,Đã qua sử dụng,Trong nước,41700,Hà Nội,Số tự động,Xăng
Audi Q5 2.0 TFSI Quattro 2017,18/11/2021,1780000000,2017,SUV,Đã qua sử dụng,Nhập khẩu,40000,Hà Nội,Số tự động,Xăng
Toyota Vios  2019,18/11/2021,496000000,2019,Sedan,Đã qua sử dụng,Trong nước,43000,Tp.HCM,Số tự động,Xăng
Lexus GX 470   2008,18/11/2021,1175000000,2008,SUV,Đã qua sử dụng,Nhập khẩu,98000,Tp.HCM,Số tự động,Xăng
Toyota Innova   2.0 G  2018,18/11/2021,685000000,2018,MPV,Đã qua sử dụng,Trong nước,119680,Tp.HCM,Số tự động,Xăng
Toyota Corolla Cross  2021,18/11/2021,720000000,2021,SUV,Mới,Nhập khẩu,0,Hải Phòng,Số tự động,Xăng
Mercedes-Benz C200  2008,18/11/2021,315000000,2008,Sedan,Đã qua sử dụng,Trong nước,180000,Hà Nội,Số tự động,Xăng
Toyota Yaris    2017,18/11/2021,548000000,2017,Hatchback,Đã qua sử dụng,Nhập khẩu,50000,Hà Nội,Số tự động,Xăng
Chevrolet Spark  2013,18/11/2021,155000000,2013,Hatchback,Đã qua sử dụng,Nhập khẩu,92400,Hà Nội,Số tự động,Xăng
Hyundai Tucson  2021,18/11/2021,746000000,2021,SUV,Mới,Trong nước,0,Hà Nội,Số tự động,Xăng
Mazda 3   2017,18/11/2021,529000000,2017,Sedan,Đã qua sử dụng,Trong nước,61000,Hà Nội,Số tự động,Xăng
MG ZS  2021,18/11/2021,519000000,2021,SUV,Mới,Nhập khẩu,0,Tp.HCM,Số tự động,Xăng
Mazda 3  2019,18/11/2021,605000000,2019,Hatchback,Đã qua sử dụng,Trong nước,26500,Tp.HCM,Số tự động,Xăng
Toyota Innova   2.0E 2017,18/11/2021,490000000,2017,MPV,Đã qua sử dụng,Trong nước,74000,Đà Nẵng,Số tự động,Xăng
Mercedes-Benz E200  2018,18/11/2021,1650000000,2018,Sedan,Đã qua sử dụng,Trong nước,48000,Hà Nội,Số tự động,Xăng
Toyota Camry   2.0 E  2016,18/11/2021,713000000,2016,Sedan,Đã qua sử dụng,Trong nước,60000,Hà Nội,Số tự động,Xăng
Audi Q5  2018,18/11/2021,1930000000,2018,SUV,Đã qua sử dụng,Nhập khẩu,30000,Hà Nội,Số tự động,Xăng
Toyota Innova  2010,18/11/2021,270000000,2010,MPV,Đã qua sử dụng,Trong nước,150000,Hải Dương,Số tay,Xăng
Nissan Navara  2021,18/11/2021,697000000,2021,Pick-up Truck,Mới,Nhập khẩu,0,Hà Nội,Số tự động,Diesel
Kia K3  2014,18/11/2021,415000000,2014,Sedan,Đã qua sử dụng,Trong nước,125000,Hà Nội,Số tự động,Xăng
Toyota Yaris    2012,17/11/2021,326000000,2012,Hatchback,Đã qua sử dụng,Nhập khẩu,90000,Phú Thọ,Số tự động,Xăng
Ford Mondeo   2.5 AT  2003,18/11/2021,125000000,2003,Sedan,Đã qua sử dụng,Trong nước,59000,Bình Dương,Số tự động,Xăng
Ford Focus  2011,18/11/2021,285000000,2011,Sedan,Đã qua sử dụng,Trong nước,70000,Hà Nội,Số tự động,Xăng
Nissan Navara  2021,18/11/2021,697000000,2021,Pick-up Truck,Mới,Nhập khẩu,0,Hà Nội,Số tự động,Diesel
Kia K3  2014,18/11/2021,415000000,2014,Sedan,Đã qua sử dụng,Trong nước,125000,Hà Nội,Số tự động,Xăng
Toyota Yaris    2012,17/11/2021,326000000,2012,Hatchback,Đã qua sử dụng,Nhập khẩu,90000,Phú Thọ,Số tự động,Xăng
Ford Mondeo   2.5 AT  2003,18/11/2021,125000000,2003,Sedan,Đã qua sử dụng,Trong nước,59000,Bình Dương,Số tự động,Xăng
Ford Focus  2011,18/11/2021,285000000,2011,Sedan,Đã qua sử dụng,Trong nước,70000,Hà Nội,Số tự động,Xăng
MG HS  2021,18/11/2021,719000000,2021,SUV,Mới,Nhập khẩu,0,Tp.HCM,Số tự động,Xăng
Hyundai Click  2008,18/11/2021,220000000,2008,Hatchback,Đã qua sử dụng,Nhập khẩu,90000,Hà Nội,Số tự động,Xăng
Ford Ranger  2021,18/11/2021,616000000,2021,Pick-up Truck,Mới,Trong nước,0,Đồng Tháp,Số tự động,Diesel
VinFast LUX A2.0  2021,18/11/2021,681000000,2021,Sedan,Mới,Trong nước,0,Bình Định,Số tự động,Xăng
Toyota Vios  2013,18/11/2021,315000000,2013,Sedan,Đã qua sử dụng,Trong nước,130000,Hà Nội,Số tay,Xăng
Mercedes-Benz GLS 450  2021,18/11/2021,6290000000,2021,SUV,Mới,Nhập khẩu,0,Hà Nội,Số tự động,Xăng
Mercedes-Benz S500  2016,18/11/2021,3250000000,2016,Sedan,Đã qua sử dụng,Trong nước,32000,Hà Nội,Số tự động,Xăng
Mercedes-Benz S450 L Luxury 2017,18/11/2021,3199000000,2017,Sedan,Đã qua sử dụng,Trong nước,60000,Hà Nội,Số tự động,Xăng
Peugeot 3008  2021,18/11/2021,989000000,2021,SUV,Mới,Trong nước,0,Tiền Giang,Số tự động,Xăng
Ford Ranger  2021,18/11/2021,616000000,2021,Pick-up Truck,Mới,Trong nước,0,An Giang,Số tự động,Diesel
Hyundai Tucson  2021,18/11/2021,764000000,2021,SUV,Mới,Trong nước,0,Tp.HCM,Số tự động,Xăng
Peugeot 2008  2021,18/11/2021,739000000,2021,SUV,Mới,Trong nước,0,Tiền Giang,Số tự động,Xăng
Hyundai Kona  2021,18/11/2021,576000000,2021,SUV,Mới,Trong nước,0,Đồng Nai,Số tự động,Xăng
MG ZS  2021,18/11/2021,519000000,2021,SUV,Mới,Nhập khẩu,0,Tp.HCM,Số tự động,Xăng
Ford Ranger  2021,18/11/2021,616000000,2021,Pick-up Truck,Mới,Nhập khẩu,0,Kiên Giang,Số tự động,Diesel
Kia Seltos  2021,18/11/2021,629000000,2021,SUV,Mới,Trong nước,0,Đồng Nai,Số tự động,Xăng
Chevrolet Captiva  2016,18/11/2021,450000000,2016,CUV,Đã qua sử dụng,Trong nước,92000,Đà Nẵng,Số tự động,Xăng
Mitsubishi Triton  2021,18/11/2021,630000000,2021,Pick-up Truck,Mới,Nhập khẩu,0,Tp.HCM,Số tự động,Diesel
Toyota Innova  2013,18/11/2021,420000000,2013,MPV,Đã qua sử dụng,Trong nước,820000,Hà Nội,Số tự động,Xăng
Hyundai Grand i10  2015,18/11/2021,245000000,2015,Hatchback,Đã qua sử dụng,Nhập khẩu,11000,Gia Lai,Số tay,Xăng
Hyundai Santa Fe  2021,18/11/2021,1015000000,2021,SUV,Mới,Trong nước,0,Tp.HCM,Số tự động,Xăng
Toyota Innova   2.0 E  2017,18/11/2021,490000000,2017,MPV,Đã qua sử dụng,Trong nước,100000,Tp.HCM,Số tay,Xăng
MG 5  2021,18/11/2021,519000000,2021,Sedan,Mới,Nhập khẩu,0,Hà Nội,Số tự động,Xăng
Honda Accord  2021,18/11/2021,1319000000,2021,Sedan,Mới,Nhập khẩu,0,Tp.HCM,Số tự động,Xăng
Ford Ranger  2021,18/11/2021,616000000,2021,Pick-up Truck,Mới,Trong nước,0,Cần Thơ,Số tự động,Diesel
Hyundai Kona  2021,18/11/2021,576000000,2021,SUV,Mới,Trong nước,0,Tp.HCM,Số tự động,Xăng
Ford Escape  2007,18/11/2021,180000000,2007,SUV,Đã qua sử dụng,Nhập khẩu,200000,Bà Rịa Vũng Tàu,Số tự động,Xăng
Mercedes-Benz C250  2017,18/11/2021,1340000000,2017,Sedan,Đã qua sử dụng,Trong nước,28000,Tp.HCM,Số tự động,Xăng
Toyota Wigo   1.2G MT  2019,18/11/2021,270000000,2019,Hatchback,Đã qua sử dụng,Nhập khẩu,100000,Hà Nội,Số tay,Xăng
Toyota Vios  2018,18/11/2021,460000000,2018,Sedan,Đã qua sử dụng,Trong nước,20000,Hà Nội,Số tự động,Xăng
Hyundai Accent  2018,18/11/2021,385000000,2018,Sedan,Đã qua sử dụng,Trong nước,80000,Hà Nội,Số tay,Xăng
Suzuki Ertiga  2016,18/11/2021,310000000,2016,MPV,Đã qua sử dụng,Nhập khẩu,80000,Đắk Lắk,Số tự động,Xăng
Chevrolet Spark  2009,18/11/2021,65000000,2009,Hatchback,Đã qua sử dụng,Trong nước,122000,Tp.HCM,Số tay,Xăng
Ford Focus    2019,18/11/2021,540000000,2019,Hatchback,Đã qua sử dụng,Trong nước,20000,Hà Nội,Số tự động,Xăng
Ford Focus  2010,18/11/2021,260000000,2010,Hatchback,Đã qua sử dụng,Nhập khẩu,123000,Tp.HCM,Số tự động,Xăng
Kia Seltos  2021,18/11/2021,689000000,2021,SUV,Mới,Trong nước,0,Ninh Thuận,Số tự động,Xăng
Lexus NX 300  2018,18/11/2021,2270000000,2018,SUV,Đã qua sử dụng,Nhập khẩu,20000,Tp.HCM,Số tự động,Xăng
Toyota Vios  2021,18/11/2021,478000000,2021,Sedan,Mới,Trong nước,0,Tp.HCM,Số tay,Xăng
Mazda 6  2015,18/11/2021,579000000,2015,Sedan,Đã qua sử dụng,Trong nước,130000,Tp.HCM,Số tự động,Xăng
Mitsubishi Xpander  2021,18/11/2021,630000000,2021,MPV,Mới,Nhập khẩu,0,Tp.HCM,Số tự động,Xăng
Toyota Camry 2.0E 2018,18/11/2021,765000000,2018,Sedan,Đã qua sử dụng,Trong nước,53600,Hà Nội,Số tự động,Xăng
Hyundai Tucson  2021,18/11/2021,867000000,2021,SUV,Mới,Trong nước,0,Tp.HCM,Số tự động,Xăng
Toyota Fortuner  2018,18/11/2021,888000000,2018,SUV,Đã qua sử dụng,Trong nước,32000,Lâm Đồng,Số tay,Diesel
Suzuki Ertiga  2021,18/11/2021,495000000,2021,MPV,Mới,Nhập khẩu,0,Hà Nội,Số tự động,
Subaru Forester  2021,18/11/2021,1144000000,2021,SUV,Mới,Nhập khẩu,0,Tp.HCM,Số tự động,Xăng
Nissan Navara  2021,18/11/2021,748000000,2021,Pick-up Truck,Mới,Nhập khẩu,0,Bắc Ninh,Số tự động,Diesel
Toyota Camry 2.0E 2018,18/11/2021,765000000,2018,Sedan,Đã qua sử dụng,Trong nước,53600,Hà Nội,Số tự động,Xăng
Hyundai Tucson  2021,18/11/2021,867000000,2021,SUV,Mới,Trong nước,0,Tp.HCM,Số tự động,Xăng
Toyota Fortuner  2018,18/11/2021,888000000,2018,SUV,Đã qua sử dụng,Trong nước,32000,Lâm Đồng,Số tay,Diesel
Suzuki Ertiga  2021,18/11/2021,495000000,2021,MPV,Mới,Nhập khẩu,0,Hà Nội,Số tự động,
Subaru Forester  2021,18/11/2021,1144000000,2021,SUV,Mới,Nhập khẩu,0,Tp.HCM,Số tự động,Xăng
Nissan Navara  2021,18/11/2021,748000000,2021,Pick-up Truck,Mới,Nhập khẩu,0,Bắc Ninh,Số tự động,Diesel
Suzuki XL7  2021,18/11/2021,520000000,2021,SUV,Mới,Nhập khẩu,0,Hà Nội,Số tự động,Xăng
Honda Brio  2021,18/11/2021,448000000,2021,Hatchback,Mới,Nhập khẩu,0,Tp.HCM,Số tự động,Xăng
Toyota Innova  2015,18/11/2021,367000000,2015,MPV,Đã qua sử dụng,Trong nước,71000,Tp.HCM,Số tay,Xăng
Mazda 3 S 2013,18/11/2021,395000000,2013,Sedan,Đã qua sử dụng,Nhập khẩu,82000,Tp.HCM,Số tự động,Xăng
BMW 325i  2004,18/11/2021,200000000,2004,Sedan,Đã qua sử dụng,Trong nước,85000,Đà Nẵng,Số tự động,Xăng
Honda Civic  2021,18/11/2021,789000000,2021,Sedan,Mới,Nhập khẩu,0,Tp.HCM,Số tự động,Xăng
Honda Civic   1.8 MT 2007,18/11/2021,210000000,2007,Sedan,Đã qua sử dụng,Trong nước,400000,Phú Thọ,Số tay,Xăng
Chevrolet Aveo  2017,18/11/2021,250000000,2017,Sedan,Đã qua sử dụng,Trong nước,95000,Bình Phước,Số tay,Xăng
Ford Ranger   XLS 2.2L 4x2 AT 2014,18/11/2021,430000000,2014,Pick-up Truck,Đã qua sử dụng,Nhập khẩu,90000,Thái Bình,Số tự động,Diesel
Ford Everest  2021,18/11/2021,1112000000,2021,SUV,Mới,Trong nước,0,Tp.HCM,Số tự động,
Toyota Corolla Cross G 2021,18/11/2021,720000000,2021,SUV,Mới,Nhập khẩu,0,Thái Bình,Số tự động,Xăng
Honda CR-V  2021,18/11/2021,998000000,2021,SUV,Mới,Trong nước,0,Tp.HCM,Số tự động,Xăng
VinFast LUX A2.0  2021,18/11/2021,681000000,2021,Sedan,Mới,Trong nước,0,Tp.HCM,Số tự động,Xăng
MG HS  2020,18/11/2021,869000000,2020,SUV,Mới,Nhập khẩu,0,Tp.HCM,Số tự động,Xăng
Toyota Innova  2014,18/11/2021,420000000,2014,MPV,Đã qua sử dụng,Trong nước,200000,Tp.HCM,Số tay,Xăng
Mercedes-Benz GLC 200  2021,18/11/2021,2079000000,2021,SUV,Đã qua sử dụng,Nhập khẩu,3567,Tp.HCM,Số tự động,Xăng
Ford Transit  2016,18/11/2021,380000000,2016,Van/Minivan,Đã qua sử dụng,Trong nước,178000,Tp.HCM,Số tay,Diesel
Chevrolet Spark  2017,18/11/2021,150000000,2017,Hatchback,Đã qua sử dụng,Trong nước,90000,Đà Nẵng,Số tay,Xăng
Ford Ranger  2018,18/11/2021,810000000,2018,Pick-up Truck,Đã qua sử dụng,Nhập khẩu,36000,Hà Nội,Số tự động,Diesel
Mercedes-Benz C200  2021,18/11/2021,1669000000,2021,Sedan,Đã qua sử dụng,Nhập khẩu,2800,Tp.HCM,Số tự động,Xăng
Toyota Rush  2021,18/11/2021,634000000,2021,SUV,Mới,Nhập khẩu,0,Thái Bình,Số tự động,Xăng
Honda City  2017,18/11/2021,485000000,2017,Sedan,Đã qua sử dụng,Trong nước,60000,Hà Nội,Số tự động,Xăng
Ford Transit  2018,18/11/2021,790000000,2018,Van/Minivan,Đã qua sử dụng,Trong nước,49000,Tp.HCM,Số tay,Diesel
Hyundai Universe  2016,18/11/2021,520000000,2016,Van/Minivan,Đã qua sử dụng,Trong nước,70000,Tp.HCM,Số tay,Diesel
Mitsubishi Xpander  2021,18/11/2021,550000000,2021,MPV,Mới,Nhập khẩu,0,Đồng Nai,Số tay,Xăng
Honda Accord   2.4 AT 2018,18/11/2021,850000000,2018,Sedan,Đã qua sử dụng,Nhập khẩu,37000,Hà Nội,Số tự động,Xăng
Suzuki Super Carry Van  2003,18/11/2021,82000000,2003,Van/Minivan,Đã qua sử dụng,Trong nước,120000,Lạng Sơn,Số tay,Xăng
Mercedes-Benz CLA 200  2016,18/11/2021,899000000,2016,Sedan,Đã qua sử dụng,Nhập khẩu,47999,Hà Nội,Số tự động,Xăng
Toyota Corolla Altis  2002,18/11/2021,195000000,2002,Sedan,Đã qua sử dụng,Trong nước,300000,Tp.HCM,Số tay,Xăng
Mitsubishi Pajero  2016,18/11/2021,1299000000,2016,SUV,Đã qua sử dụng,Nhập khẩu,79000,Hà Nội,Số tự động,Xăng
Mitsubishi Outlander 2.0 CVT Premium 2021,18/11/2021,950000000,2021,SUV,Mới,Trong nước,0,Tp.HCM,Số tự động,Xăng
Honda Accord   2.4 AT 2018,18/11/2021,850000000,2018,Sedan,Đã qua sử dụng,Nhập khẩu,37000,Hà Nội,Số tự động,Xăng
Suzuki Super Carry Van  2003,18/11/2021,82000000,2003,Van/Minivan,Đã qua sử dụng,Trong nước,120000,Lạng Sơn,Số tay,Xăng
Mercedes-Benz CLA 200  2016,18/11/2021,899000000,2016,Sedan,Đã qua sử dụng,Nhập khẩu,47999,Hà Nội,Số tự động,Xăng
Toyota Corolla Altis  2002,18/11/2021,195000000,2002,Sedan,Đã qua sử dụng,Trong nước,300000,Tp.HCM,Số tay,Xăng
Mitsubishi Pajero  2016,18/11/2021,1299000000,2016,SUV,Đã qua sử dụng,Nhập khẩu,79000,Hà Nội,Số tự động,Xăng
Mitsubishi Outlander 2.0 CVT Premium 2021,18/11/2021,950000000,2021,SUV,Mới,Trong nước,0,Tp.HCM,Số tự động,Xăng
MG ZS  2021,18/11/2021,519000000,2021,SUV,Mới,Nhập khẩu,0,Hà Nội,Số tự động,Xăng
Toyota Camry  2008,18/11/2021,419000000,2008,Sedan,Đã qua sử dụng,Trong nước,123222,Hà Nội,Số tự động,Xăng
Mercedes-Benz GLC 250   2017,18/11/2021,1600000000,2017,SUV,Đã qua sử dụng,Nhập khẩu,90000,Tp.HCM,Số tự động,Xăng
Audi A5   2014,18/11/2021,850000000,2014,Sedan,Đã qua sử dụng,Nhập khẩu,76000,Cần Thơ,Số tự động,Xăng
Mercedes-Benz S400  2014,18/11/2021,2090000000,2014,Sedan,Đã qua sử dụng,Trong nước,53000,Hà Nội,Số tự động,Xăng
Rolls-Royce Wraith  2014,18/11/2021,15500000000,2014,Coupe,Đã qua sử dụng,Nhập khẩu,19000,Hà Nội,Số tự động,Xăng
Toyota Fortuner  2014,18/11/2021,520000000,2014,SUV,Đã qua sử dụng,Nhập khẩu,59000,Hải Phòng,Số tự động,Xăng
Bentley Bentayga  2021,18/11/2021,17800000000,2021,SUV,Mới,Nhập khẩu,0,Hà Nội,Số tự động,Xăng
Mercedes-Benz GLC 200  2019,18/11/2021,1639000000,2019,SUV,Đã qua sử dụng,Nhập khẩu,20654,Tp.HCM,Số tự động,Xăng
Kia Soluto   1.4 AT Deluxe 2021,18/11/2021,410000000,2021,Sedan,Đã qua sử dụng,Trong nước,5000,Tp.HCM,Số tự động,Xăng
Toyota Fortuner  2014,18/11/2021,475000000,2014,SUV,Đã qua sử dụng,Trong nước,80000,Đà Nẵng,Số tự động,Xăng
Mercedes-Benz GLK300  2009,18/11/2021,490000000,2009,SUV,Đã qua sử dụng,Trong nước,230000,Hà Nội,Số tự động,Xăng
Nissan Navara   EL 2.5 AT  2018,18/11/2021,510000000,2018,Pick-up Truck,Đã qua sử dụng,Trong nước,31000,Bình Dương,Số tự động,Diesel
Chevrolet Spark   Van 2015,18/11/2021,132000000,2015,Hatchback,Đã qua sử dụng,Trong nước,100000,Hải Phòng,Số tay,Xăng
BMW 535i  2010,18/11/2021,790000000,2010,Sedan,Đã qua sử dụng,Nhập khẩu,150000,Tp.HCM,Số tự động,Xăng
Honda CR-V  2021,18/11/2021,998000000,2021,SUV,Mới,Trong nước,0,Hà Nội,Số tự động,Xăng
Mercedes-Benz C180  2020,18/11/2021,1239000000,2020,Sedan,Đã qua sử dụng,Trong nước,17000,Tp.HCM,Số tự động,Xăng
Mazda 3  2011,18/11/2021,345000000,2011,Sedan,Đã qua sử dụng,Nhập khẩu,96800,Hà Nội,Số tự động,Xăng
Mercedes-Benz GLC 300  2020,18/11/2021,2289000000,2020,SUV,Đã qua sử dụng,Nhập khẩu,2649,Tp.HCM,Số tự động,Xăng
Toyota Camry  2002,18/11/2021,230000000,2002,Sedan,Đã qua sử dụng,Trong nước,180000,Lạng Sơn,Số tay,Xăng
Mitsubishi Xpander  2021,18/11/2021,520000000,2021,MPV,Mới,Nhập khẩu,0,Quảng Ninh,Số tự động,Xăng
Toyota Innova  2016,18/11/2021,475000000,2016,MPV,Đã qua sử dụng,Nhập khẩu,69000,Hà Nội,Số tay,Xăng
Chevrolet Cruze  2018,18/11/2021,475000000,2018,Sedan,Đã qua sử dụng,Trong nước,22000,Tp.HCM,Số tự động,Xăng
Kia Soluto  2020,18/11/2021,435000000,2020,Sedan,Đã qua sử dụng,Trong nước,13000,Hải Dương,Số tự động,Loại khác
Ford Escape XLT 4WD 2011,18/11/2021,375000000,2011,SUV,Đã qua sử dụng,Trong nước,78000,Tp.HCM,Số tự động,Xăng
Toyota Fortuner 2.7V 2010,18/11/2021,465000000,2010,SUV,Đã qua sử dụng,Trong nước,68000,Tp.HCM,Số tự động,Xăng
Lexus RX 350  2019,18/11/2021,4380000000,2019,SUV,Đã qua sử dụng,Nhập khẩu,14481,Hà Nội,Số tự động,Xăng
Kia Sorento  2017,18/11/2021,715000000,2017,SUV,Đã qua sử dụng,Trong nước,63000,Hà Nội,Số tự động,Xăng
Isuzu mu-X  2021,18/11/2021,725000000,2021,SUV,Mới,Nhập khẩu,0,Bình Dương,Số tự động,Diesel
Mitsubishi Attrage CVT 2021,18/11/2021,375000000,2021,Sedan,Mới,Nhập khẩu,0,Hải Phòng,Số tay,Xăng
Toyota Sienna  2021,18/11/2021,4250000000,2021,Van/Minivan,Mới,Nhập khẩu,0,Cần Thơ,Số tự động,Xăng
Toyota Innova  Venturer 2018,18/11/2021,625000000,2018,MPV,Đã qua sử dụng,Trong nước,28000,Tp.HCM,Số tự động,Xăng
Toyota Yaris G  2015,18/11/2021,454000000,2015,Hatchback,Đã qua sử dụng,Nhập khẩu,49000,Tp.HCM,Số tự động,Xăng
Isuzu D-Max  2021,18/11/2021,575000000,2021,Pick-up Truck,Mới,Nhập khẩu,0,Bình Dương,Số tự động,Diesel
Toyota Innova  2017,18/11/2021,495000000,2017,MPV,Đã qua sử dụng,Trong nước,60000,Tp.HCM,Số tay,Xăng
Toyota Innova  2017,18/11/2021,495000000,2017,MPV,Đã qua sử dụng,Trong nước,60000,Tp.HCM,Số tay,Xăng
Hyundai Accent  2019,18/11/2021,378000000,2019,Sedan,Đã qua sử dụng,Trong nước,41000,Hà Nội,Số tay,Xăng
Ford Ranger  2016,18/11/2021,528000000,2016,Pick-up Truck,Đã qua sử dụng,Nhập khẩu,80000,Hà Nội,Số tự động,Diesel
VinFast LUX SA2.0  2019,18/11/2021,1090000000,2019,SUV,Đã qua sử dụng,Trong nước,17000,Vĩnh Phúc,Số tự động,Xăng
Kia K3  2014,18/11/2021,454000000,2014,Sedan,Đã qua sử dụng,Trong nước,79382,Đồng Nai,Số tự động,Xăng
Jeep Wrangler  2021,18/11/2021,3688000000,2021,SUV,Mới,Nhập khẩu,0,Tp.HCM,Số tự động,Xăng
Lexus ES 300  1992,18/11/2021,145000000,1992,Sedan,Đã qua sử dụng,Nhập khẩu,177199,Đà Nẵng,Số tay,Xăng
Samsung SM3  2014,18/11/2021,300000000,2014,Sedan,Đã qua sử dụng,Nhập khẩu,100000,Đà Nẵng,Số tự động,Xăng
Jeep Wrangler  2021,18/11/2021,3586000000,2021,SUV,Mới,Nhập khẩu,0,Tp.HCM,Số tự động,Xăng
Mercedes-Benz C300  2012,18/11/2021,600000000,2012,Sedan,Đã qua sử dụng,Trong nước,62000,Tp.HCM,Số tự động,Xăng
Volvo S90  2021,18/11/2021,2150000000,2021,Sedan,Mới,Nhập khẩu,0,Tp.HCM,Số tự động,Xăng
Chevrolet Spark  2015,18/11/2021,135000000,2015,Hatchback,Đã qua sử dụng,Trong nước,90000,Hà Nội,Số tay,Xăng
Volvo XC60  2021,18/11/2021,2190000000,2021,SUV,Mới,Nhập khẩu,0,Tp.HCM,Số tự động,Xăng
Volvo XC60  2021,18/11/2021,2190000000,2021,SUV,Mới,Nhập khẩu,0,Tp.HCM,Số tự động,Xăng
Ford Ranger    2019,18/11/2021,820000000,2019,Pick-up Truck,Đã qua sử dụng,Nhập khẩu,66000,Tp.HCM,Số tự động,Diesel
Honda CR-V  2021,18/11/2021,1118000000,2021,SUV,Mới,Trong nước,0,Hà Nội,Số tự động,Xăng
Daewoo Lacetti  2008,18/11/2021,160000000,2008,Sedan,Đã qua sử dụng,Trong nước,200000,Lạng Sơn,Số tay,Xăng
Hyundai Santa Fe  2011,18/11/2021,575000000,2011,SUV,Đã qua sử dụng,Nhập khẩu,86000,Tp.HCM,Số tự động,Diesel
VinFast LUX SA2.0  2021,18/11/2021,1126000000,2021,SUV,Mới,Trong nước,0,Tp.HCM,Số tự động,Xăng
Ford Focus  2016,18/11/2021,525000000,2016,Hatchback,Đã qua sử dụng,Trong nước,66000,Tp.HCM,Số tự động,Xăng
Honda Brio  2019,18/11/2021,390000000,2019,Hatchback,Đã qua sử dụng,Nhập khẩu,27000,Bình Dương,Số tự động,Xăng
Mitsubishi Attrage  2021,18/11/2021,375000000,2021,Sedan,Mới,Nhập khẩu,0,Hà Nội,Số tay,Xăng
Hyundai Accent 1.4AT 2019,18/11/2021,460000000,2019,Sedan,Đã qua sử dụng,Trong nước,30000,Bình Dương,Số tự động,Xăng
Kia K3 2.0AT 2014,18/11/2021,450000000,2014,Sedan,Đã qua sử dụng,Trong nước,60000,Bình Dương,Số tự động,Xăng
Toyota Corolla Cross  2021,18/11/2021,820000000,2021,SUV,Mới,Nhập khẩu,0,Tp.HCM,Số tự động,Xăng
Kia Cerato  2020,18/11/2021,590000000,2020,Sedan,Đã qua sử dụng,Trong nước,9300,Bình Dương,Số tự động,Xăng
Chevrolet Cruze   LTZ 1.8L  2018,18/11/2021,405000000,2018,Sedan,Đã qua sử dụng,Trong nước,1000,Hà Nội,Số tự động,Xăng
Toyota Innova   2008,18/11/2021,180000000,2008,MPV,Đã qua sử dụng,Trong nước,500000,Phú Yên,Số tay,Xăng
Daewoo Leganza  1999,18/11/2021,80000000,1999,Sedan,Đã qua sử dụng,Trong nước,218000,Tây Ninh,Số tay,Xăng
Toyota Avanza   AT  2018,18/11/2021,450000000,2018,Van/Minivan,Đã qua sử dụng,Nhập khẩu,80000,Bắc Ninh,Số tự động,Xăng
Toyota Innova  2014,18/11/2021,370000000,2014,MPV,Đã qua sử dụng,Trong nước,70000,Bình Dương,Số tự động,Xăng
Mazda 3  2019,18/11/2021,600000000,2019,Hatchback,Đã qua sử dụng,Nhập khẩu,27000,Đồng Nai,Số tự động,Xăng
Ford Transit  2012,18/11/2021,210000000,2012,Van/Minivan,Đã qua sử dụng,Trong nước,290000,Hà Nội,Số tay,Diesel
Toyota Innova E 2017,18/11/2021,485000000,2017,MPV,Đã qua sử dụng,Trong nước,87000,Tp.HCM,Số tay,Xăng
Nissan Sunny  2014,18/11/2021,210000000,2014,Sedan,Đã qua sử dụng,Trong nước,110000,Hà Nội,Số tự động,Xăng
Kia Cerato  2017,18/11/2021,385000000,2017,Sedan,Đã qua sử dụng,Trong nước,42000,Lâm Đồng,Số tay,Xăng
Mitsubishi Pajero  2004,18/11/2021,235000000,2004,SUV,Đã qua sử dụng,Nhập khẩu,134000,Tp.HCM,Số tay,Xăng
Ford Tourneo  2019,18/11/2021,900000000,2019,MPV,Đã qua sử dụng,Trong nước,5000,Tp.HCM,Số tự động,Xăng
Toyota Sienna  2017,18/11/2021,2800000000,2017,Van/Minivan,Đã qua sử dụng,Trong nước,30000,Tp.HCM,Số tự động,Xăng
Kia Morning  2010,18/11/2021,159000000,2010,Hatchback,Đã qua sử dụng,Nhập khẩu,200000,Đồng Nai,Số tay,Xăng
Kia Morning  2009,18/11/2021,145000000,2009,Hatchback,Đã qua sử dụng,Nhập khẩu,150000,Kiên Giang,Số tay,Xăng
Toyota Fortuner  2016,18/11/2021,650000000,2016,SUV,Đã qua sử dụng,Trong nước,70000,Hà Nội,Số tay,Diesel
MG ZS  2021,18/11/2021,519000000,2021,SUV,Mới,Nhập khẩu,0,Hà Nội,Số tự động,Xăng
Chevrolet Cruze  2016,18/11/2021,300000000,2016,Sedan,Đã qua sử dụng,Trong nước,123000,Bắc Giang,Số tay,Xăng
MG HS  2021,18/11/2021,719000000,2021,SUV,Mới,Nhập khẩu,0,Hà Nội,Số tự động,Xăng
MG HS  2021,18/11/2021,719000000,2021,SUV,Mới,Trong nước,0,Hà Nội,Số tự động,Xăng
Toyota Sienna  2018,18/11/2021,3500000000,2018,Van/Minivan,Đã qua sử dụng,Nhập khẩu,18000,Hà Nội,Số tự động,Diesel
Toyota Camry 2.4G AT  2010,18/11/2021,485000000,2010,Sedan,Đã qua sử dụng,Nhập khẩu,123000,Tp.HCM,Số tự động,Xăng
Honda Civic    2012,18/11/2021,379000000,2012,Sedan,Đã qua sử dụng,Trong nước,90000,Quảng Ninh,Số tự động,Xăng
Toyota Fortuner    2016,18/11/2021,650000000,2016,SUV,Đã qua sử dụng,Trong nước,71000,Hà Nội,Số tự động,Xăng
Hyundai Accent  2021,18/11/2021,535000000,2021,Sedan,Mới,Trong nước,0,Hà Nội,Số tự động,Xăng
Honda City  2017,18/11/2021,399000000,2017,Sedan,Đã qua sử dụng,Nhập khẩu,68000,Bình Dương,Số tự động,Xăng
Mitsubishi Xpander     2019,18/11/2021,470000000,2019,MPV,Đã qua sử dụng,Nhập khẩu,66000,Đắk Lắk,Số tay,Xăng
Mazda 2  2016,18/11/2021,370000000,2016,Sedan,Đã qua sử dụng,Nhập khẩu,55000,Đồng Nai,Số tự động,Xăng
Nissan Navara    2018,18/11/2021,520000000,2018,Pick-up Truck,Đã qua sử dụng,Nhập khẩu,75000,Hà Nội,Số tự động,Diesel
Mazda 3   1.6  2010,18/11/2021,310000000,2010,Sedan,Đã qua sử dụng,Nhập khẩu,150000,Tp.HCM,Số tự động,Xăng
BMW 330i  2019,18/11/2021,1990000000,2019,Sedan,Đã qua sử dụng,Nhập khẩu,1069,Tp.HCM,Số tự động,Xăng
Ford Escort    2014,18/11/2021,370000000,2014,SUV,Đã qua sử dụng,Trong nước,149999,Hà Nội,Số tự động,Xăng
Toyota Innova  2.0G 2018,18/11/2021,700000000,2018,MPV,Đã qua sử dụng,Trong nước,17600,Tp.HCM,Số tự động,Xăng
Honda City  2019,18/11/2021,540000000,2019,Sedan,Đã qua sử dụng,Trong nước,10000,Tp.HCM,Số tự động,Xăng
Mitsubishi Xpander   AT 2018,18/11/2021,560000000,2018,MPV,Đã qua sử dụng,Nhập khẩu,29000,Tp.HCM,Số tự động,Xăng
Chevrolet Aveo  2018,18/11/2021,297000000,2018,Sedan,Đã qua sử dụng,Nhập khẩu,90000,Quảng Trị,Số tự động,Xăng
Ford Everest  2020,18/11/2021,1065000000,2020,SUV,Đã qua sử dụng,Nhập khẩu,18000,Tp.HCM,Số tự động,Diesel
Kia Morning   SLX 2009,18/11/2021,168000000,2009,Hatchback,Đã qua sử dụng,Nhập khẩu,167000,Phú Thọ,Số tự động,Xăng
Toyota Innova 2.0G 2012,18/11/2021,400000000,2012,MPV,Đã qua sử dụng,Trong nước,300000,Hà Nội,Số tự động,Xăng
Subaru Forester 2.0 I L 2021,18/11/2021,1128000000,2021,SUV,Mới,Nhập khẩu,0,Hà Nội,Số tự động,Xăng
Cadillac Escalade  2015,18/11/2021,3500000000,2015,SUV,Đã qua sử dụng,Nhập khẩu,30000,Tp.HCM,Số tự động,Xăng
Bentley Continental  2016,18/11/2021,8400000000,2016,Sedan,Đã qua sử dụng,Nhập khẩu,10000,Tp.HCM,Số tự động,Xăng
Chevrolet Spark     2016,18/11/2021,150000000,2016,Hatchback,Đã qua sử dụng,Trong nước,56000,Hà Nội,Số tay,Xăng
Ford Focus   1.8AT 2009,18/11/2021,290000000,2009,Hatchback,Đã qua sử dụng,Trong nước,62000,Hà Nội,Số tự động,Xăng
Chevrolet Spark   LS 1.0 MT   2014,18/11/2021,141000000,2014,Hatchback,Đã qua sử dụng,Trong nước,100000,Hà Nội,Số tay,Xăng
Suzuki Swift  2021,18/11/2021,515000000,2021,Hatchback,Mới,Nhập khẩu,0,Hà Nội,Số tự động,Xăng
Toyota Vios    2016,18/11/2021,325000000,2016,Sedan,Đã qua sử dụng,Trong nước,175000,Bình Phước,Số tay,Xăng
Lexus NX 300     2020,18/11/2021,2425000000,2020,SUV,Đã qua sử dụng,Nhập khẩu,26000,Tp.HCM,Số tự động,Xăng
Ford EcoSport Titanium 1.0 2021,18/11/2021,599000000,2021,SUV,Mới,Trong nước,0,Tp.HCM,Xăng,
Kia Morning  2013,18/11/2021,210000000,2013,Hatchback,Đã qua sử dụng,Nhập khẩu,75000,Nghệ An,Số tự động,Xăng
Suzuki Ertiga   GL 1.5 MT   2019,18/11/2021,395000000,2019,MPV,Đã qua sử dụng,Nhập khẩu,82000,Tp.HCM,Số tay,Xăng
Toyota Innova  2009,18/11/2021,280000000,2009,MPV,Đã qua sử dụng,Nhập khẩu,50000,Tp.HCM,Số tay,Xăng
Hyundai Kona  2021,18/11/2021,565000000,2021,SUV,Mới,Trong nước,0,Hà Nội,Số tự động,Xăng
Daewoo Matiz  SE   2002,18/11/2021,48000000,2002,Hatchback,Đã qua sử dụng,Trong nước,10000,Bình Định,Số tay,Xăng
Subaru Forester 2.0i-S EyeSight 2021,18/11/2021,1288000000,2021,SUV,Mới,Nhập khẩu,0,Hà Nội,Số tự động,Xăng
Kia Cerato   1.6 AT 2018,18/11/2021,559000000,2018,Sedan,Đã qua sử dụng,Trong nước,60000,Hà Nội,Số tự động,Xăng
Toyota Innova  G 2010,17/11/2021,260000000,2010,MPV,Đã qua sử dụng,Trong nước,90000,Tp.HCM,Số tay,Xăng
Kia Morning   1.0 AT  2011,18/11/2021,265000000,2011,Hatchback,Đã qua sử dụng,Nhập khẩu,10800,Hà Nội,Số tự động,Xăng
Chevrolet Spark  2018,18/11/2021,225000000,2018,Hatchback,Đã qua sử dụng,Trong nước,75000,Bình Phước,Số tay,Xăng
Kia Morning  2011,18/11/2021,255000000,2011,Hatchback,Đã qua sử dụng,Nhập khẩu,100000,Thái Nguyên,Số tự động,Xăng
Toyota Fortuner   2013,18/11/2021,485000000,2013,SUV,Đã qua sử dụng,Trong nước,70000,Tp.HCM,Số tự động,Xăng
Toyota Fortuner   2013,18/11/2021,485000000,2013,SUV,Đã qua sử dụng,Trong nước,70000,Tp.HCM,Số tự động,Xăng
Hyundai Grand i10  2021,18/11/2021,405000000,2021,Hatchback,Đã qua sử dụng,Trong nước,9000,Nghệ An,Số tự động,Xăng
Toyota Innova   E   2016,18/11/2021,470000000,2016,MPV,Đã qua sử dụng,Trong nước,90000,Quảng Ngãi,Số tay,Xăng
Honda City  2021,18/11/2021,599000000,2021,Sedan,Mới,Trong nước,0,Tp.HCM,Số tự động,Xăng
Kia Cerato   1.6 MT 2018,18/11/2021,440000000,2018,Sedan,Đã qua sử dụng,Nhập khẩu,23000,Quảng Ninh,Số tay,Xăng
Volvo XC90  2019,18/11/2021,3800000000,2019,SUV,Đã qua sử dụng,Nhập khẩu,11000,Tp.HCM,Số tự động,Xăng
Hyundai Getz  2007,18/11/2021,182000000,2007,Hatchback,Đã qua sử dụng,Nhập khẩu,133215,Hà Nội,Số tự động,Xăng
Toyota Fortuner  2016,18/11/2021,660000000,2016,SUV,Đã qua sử dụng,Trong nước,220000,Hà Nội,Số tay,Diesel
Toyota Vios G 2019,18/11/2021,495000000,2019,Sedan,Đã qua sử dụng,Trong nước,40000,Hà Nội,Số tự động,Xăng
Ford EcoSport     2016,18/11/2021,445000000,2016,SUV,Đã qua sử dụng,Trong nước,36000,Hà Nội,Số tự động,Xăng
Honda CR-V  2015,18/11/2021,689000000,2015,SUV,Đã qua sử dụng,Trong nước,80000,Hà Nội,Số tự động,Xăng
Hyundai Getz  2007,18/11/2021,182000000,2007,Hatchback,Đã qua sử dụng,Nhập khẩu,133215,Hà Nội,Số tự động,Xăng
Toyota Fortuner  2016,18/11/2021,660000000,2016,SUV,Đã qua sử dụng,Trong nước,220000,Hà Nội,Số tay,Diesel
Toyota Vios G 2019,18/11/2021,495000000,2019,Sedan,Đã qua sử dụng,Trong nước,40000,Hà Nội,Số tự động,Xăng
Ford EcoSport     2016,18/11/2021,445000000,2016,SUV,Đã qua sử dụng,Trong nước,36000,Hà Nội,Số tự động,Xăng
Honda CR-V  2015,18/11/2021,689000000,2015,SUV,Đã qua sử dụng,Trong nước,80000,Hà Nội,Số tự động,Xăng
Suzuki Super Carry Van  2015,18/11/2021,160000000,2015,Van/Minivan,Đã qua sử dụng,Trong nước,200000,Hà Nội,Số tay,Xăng
Kia K3  2021,18/11/2021,559000000,2021,Sedan,Mới,Trong nước,0,Hà Nội,Số tự động,Xăng
Nissan Teana AT 2011,18/11/2021,395000000,2011,Sedan,Đã qua sử dụng,Nhập khẩu,145000,Hà Nội,Số tự động,Xăng
Ford Focus AT 2018,18/11/2021,520000000,2018,Hatchback,Đã qua sử dụng,Trong nước,12000,Tp.HCM,Số tự động,Xăng
Toyota Vios   1.5G 2019,18/11/2021,560000000,2019,Sedan,Đã qua sử dụng,Trong nước,99000,Hậu Giang,Số tự động,Xăng
Honda CR-V 2.0AT 2013,18/11/2021,550000000,2013,SUV,Đã qua sử dụng,Trong nước,160000,Tp.HCM,Số tự động,Xăng
Nissan Navara  2021,18/11/2021,748000000,2021,Pick-up Truck,Mới,Nhập khẩu,0,Tp.HCM,Diesel,
Hyundai i20 Active  2016,18/11/2021,410000000,2016,CUV,Đã qua sử dụng,Nhập khẩu,80000,Thái Bình,Số tự động,Xăng
Mitsubishi Outlander  2021,18/11/2021,825000000,2021,SUV,Mới,Trong nước,0,Hà Nội,Số tự động,Xăng
Toyota Camry    2020,18/11/2021,975000000,2020,Sedan,Đã qua sử dụng,Nhập khẩu,6122,Hà Nội,Số tự động,Xăng
Toyota Fortuner 2.4G 4x2MT 2020,18/11/2021,909000000,2020,SUV,Đã qua sử dụng,Trong nước,32000,Tp.HCM,Số tay,Diesel
VinFast LUX SA2.0  2021,18/11/2021,1026000000,2021,SUV,Mới,Trong nước,0,Bắc Giang,Số tự động,Xăng
Toyota Corolla   1993,18/11/2021,87000000,1993,Sedan,Đã qua sử dụng,Nhập khẩu,20841,Hà Nội,Số tay,Xăng
Mitsubishi Xpander  2021,18/11/2021,555000000,2021,MPV,Mới,Trong nước,0,Hà Nội,Số tự động,Xăng
VinFast LUX SA2.0  2021,18/11/2021,1026000000,2021,SUV,Mới,Trong nước,0,Ninh Bình,Số tự động,Xăng
Suzuki XL7  2021,18/11/2021,520000000,2021,SUV,Mới,Nhập khẩu,0,Hà Nội,Số tự động,Xăng
Toyota Fortuner  2021,18/11/2021,1050000000,2021,SUV,Đã qua sử dụng,Trong nước,2000,Tp.HCM,Số tự động,Xăng
Ford Everest    2013,18/11/2021,450000000,2013,SUV,Đã qua sử dụng,Trong nước,15600,Bắc Giang,Số tay,Diesel
"Xe tải 2,5 tấn - dưới 5 tấn  2018",18/11/2021,535000000,2018,Truck,Đã qua sử dụng,Nhập khẩu,70000,Tp.HCM,Số tay,Loại khác
Chevrolet Spark   LT 1.2 MT  2016,18/11/2021,220000000,2016,Hatchback,Đã qua sử dụng,Trong nước,55000,Hà Nội,Số tay,Xăng
Toyota Innova  2018,18/11/2021,655000000,2018,MPV,Đã qua sử dụng,Trong nước,9465,Tp.HCM,Số tự động,Xăng
Chevrolet Cruze   LT 1.6L  2018,18/11/2021,400000000,2018,Sedan,Đã qua sử dụng,Trong nước,54000,Tp.HCM,Số tay,Xăng
Kia Morning  SLX  2008,18/11/2021,172000000,2008,Hatchback,Đã qua sử dụng,Nhập khẩu,167000,Phú Thọ,Số tự động,Xăng
Hyundai Kona  2020,18/11/2021,612000000,2020,SUV,Đã qua sử dụng,Trong nước,13040,Tp.HCM,Số tự động,Xăng
Kia Cerato 2.0AT 2018,18/11/2021,545000000,2018,Sedan,Đã qua sử dụng,Trong nước,50000,Bình Dương,Số tự động,Xăng
Kia Seltos  2021,18/11/2021,685000000,2021,SUV,Đã qua sử dụng,Trong nước,3999,Bình Dương,Số tự động,Xăng
Ford Explorer  2017,18/11/2021,1480000000,2017,SUV,Đã qua sử dụng,Nhập khẩu,25336,Hà Nội,Số tự động,Xăng
Mazda CX-5  2021,18/11/2021,809000000,2021,SUV,Mới,Trong nước,0,Hà Nội,Số tự động,Xăng
Mazda 3   Luxury 2021,18/11/2021,685000000,2021,Sedan,Đã qua sử dụng,Nhập khẩu,2000,Đà Nẵng,Số tự động,Xăng
MG ZS  2021,18/11/2021,519000000,2021,SUV,Mới,Nhập khẩu,0,Tp.HCM,Số tự động,Xăng
Hyundai Santa Fe  2016,18/11/2021,710000000,2016,SUV,Đã qua sử dụng,Nhập khẩu,62000,Sóc Trăng,Số tự động,Xăng
VinFast LUX A2.0  2021,18/11/2021,681000000,2021,Sedan,Mới,Trong nước,0,Lào Cai,Số tự động,Xăng
Toyota Innova 2.0E 2018,18/11/2021,570000000,2018,MPV,Đã qua sử dụng,Trong nước,53000,Bình Dương,Số tay,Xăng
Daewoo Magnus    2.5 AT 2005,18/11/2021,150000000,2005,Sedan,Đã qua sử dụng,Nhập khẩu,90000,Tp.HCM,Số tự động,Xăng
Toyota Corolla Cross  2021,18/11/2021,720000000,2021,SUV,Mới,Nhập khẩu,0,Hà Nội,Số tự động,Xăng
Nissan Almera  2021,18/11/2021,469000000,2021,Sedan,Mới,Nhập khẩu,0,Tp.HCM,Số tự động,Xăng
Toyota Yaris  2017,18/11/2021,500000000,2017,Hatchback,Đã qua sử dụng,Nhập khẩu,49000,Đồng Nai,Số tự động,Xăng
Kia Morning  2013,18/11/2021,155000000,2013,Hatchback,Đã qua sử dụng,Trong nước,25000,Hà Nội,Số tay,Xăng
Mazda 3  2011,18/11/2021,303000000,2011,Sedan,Đã qua sử dụng,Nhập khẩu,62000,Đà Nẵng,Số tay,Xăng
Mitsubishi Xpander  2021,18/11/2021,630000000,2021,MPV,Mới,Nhập khẩu,0,Tp.HCM,Số tự động,Xăng
Toyota Vios E MT 2015,18/11/2021,345000000,2015,Sedan,Đã qua sử dụng,Trong nước,60000,Thanh Hóa,Số tay,Xăng
Mercedes-Benz CLA 200  2018,18/11/2021,1189000000,2018,Sedan,Đã qua sử dụng,Nhập khẩu,14220,Tp.HCM,Số tự động,Xăng
Toyota Corolla Cross  2021,18/11/2021,720000000,2021,SUV,Mới,Nhập khẩu,0,Hà Nội,Số tự động,Xăng
Ford Everest  2021,18/11/2021,1112000000,2021,SUV,Mới,Trong nước,0,Tp.HCM,Số tự động,Xăng
Ford Everest  2018,18/11/2021,955000000,2018,SUV,Đã qua sử dụng,Nhập khẩu,62000,Tp.HCM,Số tự động,Diesel
Honda CR-V  2021,18/11/2021,920000000,2021,SUV,Mới,Trong nước,0,Hà Nội,Số tự động,Xăng
Toyota Camry 2.5Q 2020,18/11/2021,1150000000,2020,Sedan,Đã qua sử dụng,Nhập khẩu,15000,Bình Dương,Số tự động,Xăng
Hyundai i20 1.4AT 2012,18/11/2021,295000000,2012,Hatchback,Đã qua sử dụng,Nhập khẩu,34000,Bình Dương,Số tự động,Xăng
Mercedes-Benz E300  2021,18/11/2021,2950000000,2021,Sedan,Mới,Trong nước,0,Tp.HCM,Số tự động,Xăng
Mercedes-Benz E180  2021,18/11/2021,2050000000,2021,Sedan,Mới,Trong nước,0,Tp.HCM,Số tự động,Xăng
Mercedes-Benz GLC 300  2021,18/11/2021,2499000000,2021,SUV,Mới,Trong nước,0,Tp.HCM,Số tự động,Xăng
Toyota Innova  2016,01/11/2021,395000000,2016,MPV,Đã qua sử dụng,Nhập khẩu,9168,Đồng Nai,Số tay,Xăng
Toyota Vios E MT 2021,18/11/2021,453000000,2021,Sedan,Mới,Trong nước,0,Nghệ An,Số tay,Xăng
Toyota Wigo  2021,18/11/2021,356000000,2021,Hatchback,Mới,Nhập khẩu,0,Nghệ An,Số tự động,Xăng
Toyota Rush  2021,18/11/2021,604000000,2021,SUV,Mới,Nhập khẩu,0,Nghệ An,Số tự động,Xăng
BMW 320i  2021,17/11/2021,1679000000,2021,Sedan,Mới,Nhập khẩu,0,Đà Nẵng,Số tự động,Xăng
Hyundai Santa Fe  2021,17/11/2021,992000000,2021,SUV,Mới,Trong nước,0,Hà Nội,Số tự động,Loại khác
Hyundai Grand i10  2021,17/11/2021,328000000,2021,Sedan,Mới,Trong nước,0,Hà Nội,Số tự động,Xăng
Honda City  2018,17/11/2021,495000000,2018,Sedan,Đã qua sử dụng,Trong nước,36000,Hà Nội,Số tự động,Xăng
BMW 320i  2018,17/11/2021,1195000000,2018,Sedan,Đã qua sử dụng,Nhập khẩu,43000,Hà Nội,Số tự động,Xăng
Daewoo Lacetti CDX 2010,17/11/2021,239000000,2010,Sedan,Đã qua sử dụng,Nhập khẩu,80000,Hải Dương,Số tự động,Xăng
MG ZS  2021,17/11/2021,519000000,2021,SUV,Mới,Nhập khẩu,0,Hà Nội,Số tự động,Xăng
Toyota Vios 1.5G 2021,17/11/2021,478000000,2021,Sedan,Mới,Trong nước,0,Hà Nội,Số tay,Xăng
Toyota Innova  2019,17/11/2021,585000000,2019,MPV,Đã qua sử dụng,Trong nước,70000,Hà Nội,Số tay,Xăng
Mitsubishi Pajero Sport  2018,17/11/2021,865000000,2018,SUV,Đã qua sử dụng,Nhập khẩu,50000,Hà Nội,Số tự động,Diesel
Land Rover Defender 110 X 2021,17/11/2021,7200000000,2021,SUV,Mới,Nhập khẩu,0,Hà Nội,Số tự động,Xăng
Mercedes-AMG G 63 4.0 V8 2021,17/11/2021,12800000000,2021,SUV,Mới,Nhập khẩu,0,Hà Nội,Số tự động,Xăng
Mazda 3  2018,17/11/2021,538000000,2018,Sedan,Đã qua sử dụng,Trong nước,61000,Bắc Ninh,Số tự động,Xăng
Mercedes-Benz G63  2021,17/11/2021,12800000000,2021,SUV,Mới,Nhập khẩu,0,Hà Nội,Số tự động,Xăng
Maserati Levante  2020,17/11/2021,5717000000,2020,SUV,Mới,Nhập khẩu,0,Tp.HCM,Số tự động,Xăng
Ford Everest  2021,17/11/2021,1112000000,2021,SUV,Mới,Nhập khẩu,0,Hà Nội,Số tự động,Diesel
Kia Cerato  Luxury 2.0 AT 2019,17/11/2021,599000000,2019,Sedan,Đã qua sử dụng,Trong nước,30000,Hà Nội,Số tự động,Xăng
Mitsubishi Outlander  2019,17/11/2021,699000000,2019,SUV,Đã qua sử dụng,Trong nước,31000,Hà Nội,Số tự động,Xăng
Mercedes-Benz E200  2021,17/11/2021,2310000000,2021,Sedan,Mới,Nhập khẩu,0,Tp.HCM,Số tự động,Xăng
Mercedes-Benz GLC 200  2021,17/11/2021,1799000000,2021,SUV,Mới,Trong nước,0,Tp.HCM,Số tự động,Xăng
Mercedes-Benz GLC 200 4Matic 2021,17/11/2021,2099000000,2021,SUV,Mới,Trong nước,0,Tp.HCM,Số tự động,Xăng
Kia Rondo  2020,17/11/2021,620000000,2020,MPV,Đã qua sử dụng,Trong nước,6700,Hà Nội,Số tự động,Xăng
Kia Cerato  Luxury 2.0 AT 2019,17/11/2021,599000000,2019,Sedan,Đã qua sử dụng,Trong nước,30000,Hà Nội,Số tự động,Xăng
Mitsubishi Outlander  2019,17/11/2021,699000000,2019,SUV,Đã qua sử dụng,Trong nước,31000,Hà Nội,Số tự động,Xăng
Mercedes-Benz E200  2021,17/11/2021,2310000000,2021,Sedan,Mới,Nhập khẩu,0,Tp.HCM,Số tự động,Xăng
Mercedes-Benz GLC 200  2021,17/11/2021,1799000000,2021,SUV,Mới,Trong nước,0,Tp.HCM,Số tự động,Xăng
Mercedes-Benz GLC 200 4Matic 2021,17/11/2021,2099000000,2021,SUV,Mới,Trong nước,0,Tp.HCM,Số tự động,Xăng
Kia Rondo  2020,17/11/2021,620000000,2020,MPV,Đã qua sử dụng,Trong nước,6700,Hà Nội,Số tự động,Xăng
Toyota Fortuner 2.4G 4x2 AT 2019,17/11/2021,999000000,2019,SUV,Đã qua sử dụng,Trong nước,30000,Hà Nội,Số tự động,Diesel
Lexus LS 500  2017,17/11/2021,5900000000,2017,Sedan,Đã qua sử dụng,Nhập khẩu,47000,Hà Nội,Số tự động,Xăng
Mercedes-Benz GL 350  2014,17/11/2021,1990000000,2014,SUV,Đã qua sử dụng,Nhập khẩu,51000,Hà Nội,Số tự động,Diesel
Mercedes-Benz GLC 200  2019,17/11/2021,1640000000,2019,SUV,Đã qua sử dụng,Trong nước,18000,Hà Nội,Số tự động,Xăng
Toyota Camry 2.0G 2019,17/11/2021,969000000,2019,Sedan,Đã qua sử dụng,Nhập khẩu,19000,Hà Nội,Số tự động,Xăng
Mitsubishi Pajero Sport  2019,17/11/2021,920000000,2019,SUV,Đã qua sử dụng,Nhập khẩu,15000,Hà Nội,Số tự động,Diesel
Hyundai Elantra  2021,17/11/2021,530000000,2021,Sedan,Mới,Trong nước,0,Đồng Nai,Số tay,Xăng
Toyota Rush  1.5AT  2021,17/11/2021,576000000,2021,SUV,Mới,Nhập khẩu,0,Hà Nội,Số tự động,Xăng
Mitsubishi Pajero Sport  2021,17/11/2021,1065000000,2021,SUV,Mới,Nhập khẩu,0,Hà Nội,Số tự động,
Mazda CX-3  2021,17/11/2021,589000000,2021,SUV,Mới,Nhập khẩu,0,Thái Bình,Số tự động,Diesel
Hyundai Accent  2021,17/11/2021,505000000,2021,Sedan,Mới,Trong nước,0,Hà Nội,Số tự động,Xăng
Hyundai Tucson 2.0 2021,17/11/2021,800000000,2021,SUV,Mới,Trong nước,0,Hà Nội,Số tự động,Xăng
Honda Civic RS 2021,17/11/2021,929000000,2021,Sedan,Mới,Nhập khẩu,0,Khánh Hòa,Số tự động,Xăng
MG ZS  2021,17/11/2021,619000000,2021,SUV,Mới,Nhập khẩu,0,Tp.HCM,Số tự động,Xăng
Thaco TOWNER  2021,17/11/2021,224000000,2021,Truck,Mới,Trong nước,0,Thanh Hóa,Số tay,Xăng
Mitsubishi Attrage  2021,17/11/2021,355000000,2021,Sedan,Mới,Nhập khẩu,0,Hà Nội,Số tay,Xăng
VinFast LUX SA2.0  2021,17/11/2021,1026000000,2021,SUV,Mới,Trong nước,0,Tp.HCM,Số tự động,Xăng
Hyundai Elantra  2018,17/11/2021,625000000,2018,Sedan,Đã qua sử dụng,Trong nước,43000,Hà Nội,Số tự động,Xăng
Toyota Corolla Altis  2021,17/11/2021,720000000,2021,Sedan,Đã qua sử dụng,Trong nước,17000,Bình Dương,Số tự động,Xăng
Toyota Yaris  2015,17/11/2021,430000000,2015,Hatchback,Đã qua sử dụng,Trong nước,60000,Thanh Hóa,Số tự động,Xăng
BMW 320i  2021,17/11/2021,1899000000,2021,Sedan,Mới,Nhập khẩu,0,Quảng Ninh,Số tự động,Xăng
BMW 320i  2021,17/11/2021,1899000000,2021,Sedan,Mới,Nhập khẩu,0,Hải Phòng,Số tự động,Xăng
Mercedes-Benz GLC 200  2021,17/11/2021,2099000000,2021,SUV,Mới,Trong nước,0,Tp.HCM,Số tự động,Xăng
Mercedes-Benz GLC 300  2021,17/11/2021,2499000000,2021,SUV,Mới,Trong nước,0,Tp.HCM,Số tự động,Xăng
Hyundai Grand i10 1.2 AT 2016,17/11/2021,300000000,2016,Sedan,Đã qua sử dụng,Trong nước,72000,Bình Dương,Số tự động,Xăng
Toyota Vios 1.5G 2019,17/11/2021,485000000,2019,Sedan,Đã qua sử dụng,Trong nước,32000,Bình Dương,Số tự động,Xăng
Kia Cerato 2.0AT 2019,17/11/2021,605000000,2019,Sedan,Đã qua sử dụng,Trong nước,26000,Hà Nội,Số tự động,Xăng
MG HS  2021,17/11/2021,869000000,2021,SUV,Mới,Nhập khẩu,0,Tp.HCM,Số tự động,Xăng
Hyundai Santa Fe  2019,17/11/2021,1080000000,2019,SUV,Đã qua sử dụng,Trong nước,30000,Hà Nội,Số tự động,Diesel
Hyundai Tucson  2021,17/11/2021,765000000,2021,SUV,Mới,Trong nước,0,Hà Nội,Số tự động,Xăng
Toyota Corolla Altis 1.8G 2021,17/11/2021,720000000,2021,Sedan,Đã qua sử dụng,Trong nước,17000,Tp.HCM,Số tự động,Xăng
Toyota Fortuner  2017,17/11/2021,879000000,2017,SUV,Đã qua sử dụng,Trong nước,22414,Hà Nội,Số tự động,Xăng
MG HS  2021,17/11/2021,719000000,2021,SUV,Mới,Nhập khẩu,0,Tp.HCM,Số tự động,Xăng
Lexus RX 350  2016,17/11/2021,3170000000,2016,SUV,Đã qua sử dụng,Nhập khẩu,38000,Tp.HCM,Số tự động,Xăng
Mitsubishi Xpander  2021,17/11/2021,555000000,2021,MPV,Mới,Nhập khẩu,0,Tp.HCM,Số tự động,Loại khác
BMW 420i  2021,17/11/2021,1799000000,2021,Coupe,Mới,Nhập khẩu,0,Hà Nội,Số tự động,Xăng
BMW 320i Sport Line 2021,17/11/2021,1749000000,2021,Sedan,Mới,Nhập khẩu,0,Hà Nội,Số tự động,Xăng
Ford Everest  2021,17/11/2021,1099000000,2021,SUV,Mới,Nhập khẩu,0,Tp.HCM,Số tự động,Xăng
Mitsubishi Xpander Cross  2021,17/11/2021,670000000,2021,SUV,Mới,Nhập khẩu,0,Hà Nội,Số tự động,Xăng
Hyundai Grand i10  2021,17/11/2021,325000000,2021,Hatchback,Mới,Trong nước,0,Hà Nội,Số tay,Xăng
Hyundai Tucson  2019,17/11/2021,815000000,2019,SUV,Đã qua sử dụng,Trong nước,22000,Hà Nội,Số tự động,Xăng
Lexus RX 450 h 2018,17/11/2021,3888000000,2018,SUV,Đã qua sử dụng,Nhập khẩu,36000,Tp.HCM,Số tự động,Hybrid
Lexus GX 460  2011,17/11/2021,2100000000,2011,SUV,Đã qua sử dụng,Nhập khẩu,112630,Hà Nội,Số tự động,Xăng
VinFast LUX A2.0  2021,17/11/2021,681000000,2021,Sedan,Mới,Trong nước,0,Bắc Ninh,Số tự động,Xăng
VinFast LUX A2.0  2021,17/11/2021,681000000,2021,Sedan,Mới,Trong nước,0,Vĩnh Phúc,Số tự động,Xăng
Hyundai Tucson  2021,17/11/2021,725000000,2021,SUV,Mới,Nhập khẩu,0,Hà Nội,Số tự động,Xăng
Ford Ranger  2021,17/11/2021,616000000,2021,Pick-up Truck,Mới,Trong nước,0,Hà Nội,Số tự động,Xăng
Suzuki Swift  2021,17/11/2021,516000000,2021,Hatchback,Mới,Nhập khẩu,0,Hà Nội,Số tự động,Xăng
Toyota Innova  2017,17/11/2021,615000000,2017,MPV,Đã qua sử dụng,Trong nước,58000,Hà Nội,Số tự động,Xăng
Kia Seltos  2021,17/11/2021,609000000,2021,CUV,Mới,Trong nước,0,Hà Nội,Số tự động,Xăng
Volvo XC60 R-Design 2021,17/11/2021,2190000000,2021,SUV,Mới,Nhập khẩu,0,Đà Nẵng,Số tự động,Xăng
Honda Civic  2018,17/11/2021,655000000,2018,Sedan,Đã qua sử dụng,Trong nước,42000,Tp.HCM,Số tự động,Xăng
Mazda 3  2019,17/11/2021,585000000,2019,Sedan,Đã qua sử dụng,Trong nước,19000,Hà Nội,Số tự động,Xăng
Honda City  2018,17/11/2021,469000000,2018,Sedan,Đã qua sử dụng,Trong nước,51200,Hà Nội,Số tự động,Xăng
Daewoo Matiz    2000,17/11/2021,45000000,2000,Hatchback,Đã qua sử dụng,Nhập khẩu,35000,Kon Tum,Số tay,Xăng
Toyota Highlander LE 2014,17/11/2021,1300000000,2014,SUV,Đã qua sử dụng,Nhập khẩu,90000,Hà Nội,Số tự động,Xăng
Toyota Raize  2021,17/11/2021,527000000,2021,SUV,Mới,Nhập khẩu,0,Hà Nội,Số tự động,Xăng
Mitsubishi Xpander  2021,17/11/2021,630000000,2021,MPV,Mới,Nhập khẩu,0,Tp.HCM,Số tự động,Xăng
Kia Sorento  2020,17/11/2021,1115000000,2020,SUV,Đã qua sử dụng,Trong nước,27000,Hà Nội,Số tự động,Diesel
MG ZS  2021,17/11/2021,519000000,2021,SUV,Mới,Nhập khẩu,0,Tp.HCM,Số tự động,Xăng
Volkswagen Polo  2021,17/11/2021,684000000,2021,Hatchback,Mới,Nhập khẩu,0,Tp.HCM,Số tự động,Xăng
Land Rover Range Rover  2021,17/11/2021,12600000000,2021,SUV,Mới,Nhập khẩu,0,Hà Nội,Số tự động,Xăng
Toyota Camry  2015,17/11/2021,670000000,2015,Sedan,Đã qua sử dụng,Trong nước,82000,Tp.HCM,Số tự động,Xăng
Suzuki Ertiga  2020,17/11/2021,509000000,2020,MPV,Mới,Nhập khẩu,0,Tp.HCM,Số tự động,Xăng
Suzuki Ertiga  2020,17/11/2021,419000000,2020,MPV,Mới,Nhập khẩu,0,Tp.HCM,Số tay,Xăng
Hyundai Accent  2021,17/11/2021,535000000,2021,Sedan,Mới,Trong nước,0,Hà Nội,Số tự động,Xăng
Hyundai Tucson  2021,17/11/2021,728000000,2021,SUV,Mới,Trong nước,0,Hà Nội,Số tự động,Loại khác
Toyota Innova  2017,17/11/2021,530000000,2017,MPV,Đã qua sử dụng,Trong nước,62000,Bình Dương,Số tay,Xăng
Ford Everest  2021,17/11/2021,1161000000,2021,SUV,Mới,Nhập khẩu,0,Tp.HCM,Số tự động,Diesel
Ford Everest  2021,17/11/2021,1092000000,2021,SUV,Mới,Trong nước,0,Tp.HCM,Số tự động,Diesel
VinFast LUX A2.0  2021,17/11/2021,681000000,2021,Sedan,Mới,Trong nước,0,Hà Nội,Số tự động,Xăng
Suzuki Swift  2021,17/11/2021,549000000,2021,Hatchback,Mới,Nhập khẩu,0,Tp.HCM,Số tự động,Xăng
Hyundai Santa Fe  2021,17/11/2021,1110000000,2021,SUV,Mới,Trong nước,0,Tp.HCM,Số tự động,Xăng
Nissan Sunny  2013,17/11/2021,190000000,2013,Sedan,Đã qua sử dụng,Trong nước,300000,Bình Thuận  ,Số tay,Xăng
Ford Ranger  2021,17/11/2021,616000000,2021,Pick-up Truck,Mới,Trong nước,0,Tp.HCM,Số tự động,Diesel
Ford Everest  2021,17/11/2021,1112000000,2021,SUV,Mới,Trong nước,0,Tp.HCM,Số tự động,Xăng
Ford Ranger  2021,17/11/2021,586000000,2021,Pick-up Truck,Mới,Nhập khẩu,0,Tp.HCM,Số tay,Diesel
Suzuki Super Carry Pro  2021,17/11/2021,340000000,2021,Truck,Mới,Nhập khẩu,0,Tp.HCM,Số tay,Diesel
Ford Everest  2021,17/11/2021,1052000000,2021,SUV,Mới,Nhập khẩu,0,Tp.HCM,Số tự động,Diesel
Kia Morning S 1.25 AT 2014,17/11/2021,275000000,2014,Hatchback,Đã qua sử dụng,Trong nước,40000,Bình Dương,Số tự động,Xăng
Toyota Vios  2015,17/11/2021,323000000,2015,Sedan,Đã qua sử dụng,Trong nước,90000,Bắc Ninh,Số tay,Xăng
Hyundai Accent  2019,17/11/2021,495000000,2019,Sedan,Đã qua sử dụng,Trong nước,40000,Hà Nội,Số tự động,Xăng
Hyundai Porter  2009,17/11/2021,165000000,2009,Truck,Đã qua sử dụng,Trong nước,333000,Bình Dương,Số tay,Diesel
Toyota Innova  2006,17/11/2021,150000000,2006,MPV,Đã qua sử dụng,Trong nước,356000,Trà Vinh,Số tay,Xăng
Mitsubishi Xpander  2019,17/11/2021,460000000,2019,MPV,Đã qua sử dụng,Nhập khẩu,63000,Tp.HCM,Số tay,Xăng
Hyundai County    2015,17/11/2021,550000000,2015,Van/Minivan,Đã qua sử dụng,Nhập khẩu,23000,Hà Nội,Số tay,Diesel
Ford Transit     2009,17/11/2021,185000000,2009,Van/Minivan,Đã qua sử dụng,Trong nước,330000,Đồng Nai,Số tay,Diesel
BMW 320i Sport Line 2021,17/11/2021,2179000000,2021,Sedan,Mới,Nhập khẩu,0,Tp.HCM,Số tự động,Xăng
MG ZS  2021,17/11/2021,519000000,2021,SUV,Mới,Nhập khẩu,0,Tp.HCM,Số tự động,Xăng
Hyundai County    2015,17/11/2021,550000000,2015,Van/Minivan,Đã qua sử dụng,Nhập khẩu,23000,Hà Nội,Số tay,Diesel
Ford Transit     2009,17/11/2021,185000000,2009,Van/Minivan,Đã qua sử dụng,Trong nước,330000,Đồng Nai,Số tay,Diesel
BMW 320i Sport Line 2021,17/11/2021,2179000000,2021,Sedan,Mới,Nhập khẩu,0,Tp.HCM,Số tự động,Xăng
MG ZS  2021,17/11/2021,519000000,2021,SUV,Mới,Nhập khẩu,0,Tp.HCM,Số tự động,Xăng
Mercedes-Benz E250  2011,17/11/2021,620000000,2011,Sedan,Đã qua sử dụng,Nhập khẩu,86000,Hà Nội,Số tự động,Xăng
Mazda CX-5 2.5 Facelift 2016,17/11/2021,673000000,2016,SUV,Đã qua sử dụng,Trong nước,46000,Hà Nội,Số tự động,Xăng
Honda City RS 2021,17/11/2021,599000000,2021,Sedan,Mới,Trong nước,0,Tp.HCM,Số tự động,Xăng
Hyundai Tucson       2016,17/11/2021,705000000,2016,SUV,Đã qua sử dụng,Nhập khẩu,60000,Tp.HCM,Số tự động,Xăng
Honda Civic RS 2021,17/11/2021,929000000,2021,Sedan,Mới,Nhập khẩu,0,Tp.HCM,Số tự động,Xăng
Kia Morning  2010,17/11/2021,220000000,2010,Hatchback,Đã qua sử dụng,Trong nước,110000,Hải Dương,Số tay,Xăng
Chevrolet Colorado  2019,17/11/2021,585000000,2019,Pick-up Truck,Đã qua sử dụng,Trong nước,37000,Quảng Nam,Số tự động,Diesel
Mazda 2    2019,17/11/2021,485000000,2019,Sedan,Đã qua sử dụng,Nhập khẩu,15000,Khánh Hòa,Số tự động,Xăng
Mazda 6   2016,17/11/2021,600000000,2016,Sedan,Đã qua sử dụng,Trong nước,80000,Bình Dương,Số tự động,Xăng
Ford Transit  2016,17/11/2021,335000000,2016,Van/Minivan,Đã qua sử dụng,Trong nước,50000,Hải Dương,Số tay,Diesel
Toyota Corolla  1985,17/11/2021,65000000,1985,Sedan,Đã qua sử dụng,Nhập khẩu,111888,Tp.HCM,Số tay,Xăng
Kia Sedona DATH  2016,17/11/2021,775000000,2016,MPV,Đã qua sử dụng,Trong nước,165000,Tp.HCM,Số tự động,Diesel
Mercedes-Benz E200  2018,17/11/2021,1690000000,2018,Sedan,Đã qua sử dụng,Trong nước,53800,Tp.HCM,Số tự động,Xăng
Kia Sorento  2017,17/11/2021,680000000,2017,SUV,Đã qua sử dụng,Trong nước,45000,Hà Nội,Số tự động,Xăng
Ford Fiesta  2017,17/11/2021,418000000,2017,Hatchback,Đã qua sử dụng,Trong nước,14000,Tp.HCM,Số tự động,Xăng
Hyundai Grand i10   2016,17/11/2021,250000000,2016,Sedan,Đã qua sử dụng,Nhập khẩu,100000,Hà Nội,Số tay,Xăng
Honda CR-V 2.4 2015,17/11/2021,689000000,2015,SUV,Đã qua sử dụng,Nhập khẩu,68000,Hà Nội,Số tự động,Xăng
BMW 520i  2021,17/11/2021,3289000000,2021,Sedan,Mới,Nhập khẩu,0,Tp.HCM,Số tự động,Xăng
Toyota Innova  2018,17/11/2021,570000000,2018,MPV,Đã qua sử dụng,Trong nước,50000,Tp.HCM,Số tay,Xăng
Toyota Innova  2018,17/11/2021,498000000,2018,MPV,Đã qua sử dụng,Nhập khẩu,108000,Cần Thơ,Số tay,Xăng
Chevrolet Spark Van 2014,17/11/2021,105000000,2014,Hatchback,Đã qua sử dụng,Trong nước,120000,Hà Nội,Số tay,Xăng
Suzuki Ertiga Sport 2020,17/11/2021,515000000,2020,MPV,Đã qua sử dụng,Nhập khẩu,7000,Hà Nội,Số tự động,Xăng
Nissan Sunny  2013,17/11/2021,298000000,2013,Sedan,Đã qua sử dụng,Trong nước,110000,Hà Nội,Số tự động,Xăng
BMW 520i  2021,17/11/2021,3289000000,2021,Sedan,Mới,Nhập khẩu,0,Tp.HCM,Số tự động,Xăng
Toyota Innova  2018,17/11/2021,570000000,2018,MPV,Đã qua sử dụng,Trong nước,50000,Tp.HCM,Số tay,Xăng
Toyota Innova  2018,17/11/2021,498000000,2018,MPV,Đã qua sử dụng,Nhập khẩu,108000,Cần Thơ,Số tay,Xăng
Chevrolet Spark Van 2014,17/11/2021,105000000,2014,Hatchback,Đã qua sử dụng,Trong nước,120000,Hà Nội,Số tay,Xăng
Suzuki Ertiga Sport 2020,17/11/2021,515000000,2020,MPV,Đã qua sử dụng,Nhập khẩu,7000,Hà Nội,Số tự động,Xăng
Nissan Sunny  2013,17/11/2021,298000000,2013,Sedan,Đã qua sử dụng,Trong nước,110000,Hà Nội,Số tự động,Xăng
Mercedes-Benz GLC 200 4Matic 2021,17/11/2021,2099000000,2021,SUV,Mới,Trong nước,0,Hà Nội,Số tự động,Xăng
Suzuki Grand vitara  2015,17/11/2021,535000000,2015,SUV,Đã qua sử dụng,Nhập khẩu,78000,Hà Nội,Số tự động,Xăng
Suzuki XL7  2021,17/11/2021,550000000,2021,SUV,Mới,Nhập khẩu,0,Đà Nẵng,Số tự động,Xăng
Ford Focus  2017,17/11/2021,490000000,2017,Hatchback,Đã qua sử dụng,Nhập khẩu,50000,Hà Nội,Số tự động,Xăng
Mitsubishi Xpander  2020,17/11/2021,565000000,2020,MPV,Đã qua sử dụng,Nhập khẩu,28000,Hà Nội,Số tự động,Xăng
Lexus NX 300  2020,17/11/2021,2390000000,2020,SUV,Đã qua sử dụng,Nhập khẩu,13000,Hà Nội,Số tự động,Xăng
Toyota Camry  2016,17/11/2021,715000000,2016,Sedan,Đã qua sử dụng,Trong nước,60000,Hà Nội,Số tự động,Xăng
Mazda CX-5 Deluxe 2021,17/11/2021,809000000,2021,SUV,Mới,Trong nước,0,Tp.HCM,Số tự động,Xăng
Toyota Yaris  2014,17/11/2021,445000000,2014,Hatchback,Đã qua sử dụng,Nhập khẩu,4100,Hà Nội,Số tự động,Xăng
Honda City  2020,17/11/2021,540000000,2020,Sedan,Đã qua sử dụng,Nhập khẩu,20000,Hà Nội,Số tự động,Xăng
VinFast LUX SA2.0  2021,17/11/2021,826000000,2021,SUV,Mới,Trong nước,0,Tp.HCM,Số tự động,Xăng
Ford Ranger  2020,17/11/2021,645000000,2020,Pick-up Truck,Đã qua sử dụng,Nhập khẩu,1800,Hà Nội,Số tự động,Diesel
Toyota Fortuner 2.4G 4x2MT 2019,17/11/2021,906000000,2019,SUV,Đã qua sử dụng,Trong nước,30000,Lâm Đồng,Số tay,Loại khác
Toyota Vios  2017,17/11/2021,432000000,2017,Sedan,Đã qua sử dụng,Trong nước,42000,Lâm Đồng,Số tự động,Xăng
Kia Carens  2009,17/11/2021,275000000,2009,CUV,Đã qua sử dụng,Trong nước,90000,Hà Nội,Số tự động,Xăng
Ford EcoSport Titanium 1.5L AT 2018,17/11/2021,515000000,2018,SUV,Đã qua sử dụng,Trong nước,55000,Lâm Đồng,Số tự động,Xăng
Kia Forte  2011,17/11/2021,330000000,2011,Sedan,Đã qua sử dụng,Trong nước,80000,Hà Nội,Số tự động,Xăng
Hyundai Grand i10  2018,17/11/2021,330000000,2018,Sedan,Đã qua sử dụng,Trong nước,57000,Hà Nội,Số tự động,Xăng
Mitsubishi Outlander  2021,17/11/2021,803000000,2021,SUV,Mới,Trong nước,0,Bà Rịa Vũng Tàu,Số tự động,Xăng
Kia Sorento  2021,17/11/2021,999000000,2021,SUV,Mới,Trong nước,0,Tp.HCM,Số tự động,Diesel
Mercedes-Benz GLA 45 4MATIC 2014,17/11/2021,1090000000,2014,SUV,Đã qua sử dụng,Nhập khẩu,42000,Tp.HCM,Số tự động,Xăng
Toyota Innova E 2015,17/11/2021,385000000,2015,MPV,Đã qua sử dụng,Trong nước,102000,Tp.HCM,Số tay,Xăng
Ford Fiesta  2011,17/11/2021,200000000,2011,Sedan,Đã qua sử dụng,Trong nước,90000,Hà Nội,Số tay,Xăng
Toyota Vios   1.5E  2008,17/11/2021,215000000,2008,Sedan,Đã qua sử dụng,Trong nước,152000,Thanh Hóa,Số tay,Xăng
Toyota Vios   1.5G   2018,17/11/2021,465000000,2018,Sedan,Đã qua sử dụng,Trong nước,90000,Tp.HCM,Số tự động,Xăng
Honda Accord   2.0 MT   1991,17/11/2021,70000000,1991,Sedan,Đã qua sử dụng,Nhập khẩu,100000,Hà Nội,Số tay,Xăng
Kia Morning   Si AT   2016,17/11/2021,295000000,2016,Hatchback,Đã qua sử dụng,Trong nước,60000,Phú Thọ,Số tự động,Xăng
BMW 330i M Sport  2021,17/11/2021,2499000000,2021,Sedan,Mới,Nhập khẩu,0,Tp.HCM,Số tự động,Xăng
Mazda 2  AT 2016,17/11/2021,380000000,2016,Sedan,Đã qua sử dụng,Trong nước,60000,Bình Dương,Số tự động,Xăng
Honda Brio  2021,17/11/2021,418000000,2021,Hatchback,Mới,Nhập khẩu,0,Hà Nội,Số tự động,Xăng
Toyota Camry  2018,17/11/2021,815000000,2018,Sedan,Đã qua sử dụng,Trong nước,30000,Hà Nội,Số tự động,Xăng
Lexus LS 500  2018,17/11/2021,5900000000,2018,Sedan,Đã qua sử dụng,Nhập khẩu,20000,Tp.HCM,Số tự động,Xăng
Land Rover Range Rover  2014,17/11/2021,3790000000,2014,SUV,Đã qua sử dụng,Nhập khẩu,60000,Hà Nội,Số tự động,Xăng
Ford Everest  2021,17/11/2021,1112000000,2021,SUV,Mới,Nhập khẩu,0,Tp.HCM,Số tự động,Diesel
Porsche Boxster  2015,17/11/2021,3700000000,2015,Coupe,Đã qua sử dụng,Nhập khẩu,28000,Tp.HCM,Số tự động,Xăng
Toyota Fortuner  2009,17/11/2021,388000000,2009,SUV,Đã qua sử dụng,Trong nước,92000,Hà Nội,Số tự động,Xăng
Honda City  2017,17/11/2021,450000000,2017,Sedan,Đã qua sử dụng,Nhập khẩu,51000,Bình Dương,Số tự động,Xăng
Kia Morning  2015,17/11/2021,185000000,2015,Hatchback,Đã qua sử dụng,Trong nước,10000,Hà Nội,Số tay,Xăng
Toyota Innova  2015,17/11/2021,430000000,2015,MPV,Đã qua sử dụng,Trong nước,86000,Tp.HCM,Số tay,Xăng
Mercedes-Benz C200  2017,17/11/2021,1150000000,2017,Sedan,Đã qua sử dụng,Trong nước,30000,Tp.HCM,Số tự động,Xăng
Mitsubishi Attrage  2021,17/11/2021,375000000,2021,Sedan,Mới,Nhập khẩu,0,Bình Dương,Số tự động,Xăng
Honda Brio  2021,17/11/2021,448000000,2021,Hatchback,Mới,Nhập khẩu,0,Khánh Hòa,Số tự động,Xăng
Mercedes-Benz GLC 300  2017,17/11/2021,1640000000,2017,SUV,Đã qua sử dụng,Trong nước,60000,Hà Nội,Số tự động,Xăng
Mercedes-Benz E200  2017,17/11/2021,1500000000,2017,Sedan,Đã qua sử dụng,Trong nước,50000,Hà Nội,Số tự động,Xăng
Lexus RX 300  2016,17/11/2021,2530000000,2016,SUV,Đã qua sử dụng,Trong nước,50000,Hà Nội,Số tự động,Xăng
Mercedes-Benz E200  2019,17/11/2021,1840000000,2019,Sedan,Đã qua sử dụng,Trong nước,20000,Hà Nội,Số tự động,Xăng
Lexus LX 570  2011,17/11/2021,3099000000,2011,SUV,Đã qua sử dụng,Nhập khẩu,128720,Hà Nội,Số tự động,Xăng
Mercedes-Benz E200  2019,17/11/2021,1840000000,2019,Sedan,Đã qua sử dụng,Trong nước,37007,Hà Nội,Số tự động,Xăng
Hyundai Sonata  2010,17/11/2021,380000000,2010,Sedan,Đã qua sử dụng,Nhập khẩu,135000,Hà Nội,Số tự động,Xăng
Nissan Sunny   Premium XV S  2018,17/11/2021,405000000,2018,Sedan,Đã qua sử dụng,Trong nước,25000,Hà Nội,Số tự động,Xăng
Mazda 3    2020,17/11/2021,683000000,2020,Sedan,Đã qua sử dụng,Trong nước,9000,Hà Nội,Số tự động,Xăng
Subaru Legacy  2016,17/11/2021,935000000,2016,Sedan,Đã qua sử dụng,Nhập khẩu,131000,Tp.HCM,Số tự động,Xăng
Toyota Vios  2010,17/11/2021,245000000,2010,Sedan,Đã qua sử dụng,Trong nước,193349,Kiên Giang,Số tay,Xăng
Hyundai Avante    2014,17/11/2021,340000000,2014,Sedan,Đã qua sử dụng,Trong nước,86000,Thanh Hóa,Số tự động,Xăng
Kia Carnival  2021,17/11/2021,1179000000,2021,Van/Minivan,Mới,Trong nước,0,Tp.HCM,Số tự động,Diesel
Ford Mondeo   2.0 AT   2007,17/11/2021,210000000,2007,Sedan,Đã qua sử dụng,Trong nước,130000,Hà Nội,Số tự động,Xăng
Audi Q3    2017,17/11/2021,1500000000,2017,CUV,Đã qua sử dụng,Nhập khẩu,18800,Hà Nội,Số tự động,Xăng
Ford Focus    2019,17/11/2021,539000000,2019,Hatchback,Đã qua sử dụng,Trong nước,29996,Hà Nội,Số tự động,Xăng
Kia Morning   1.0 AT 2011,17/11/2021,250000000,2011,Hatchback,Đã qua sử dụng,Nhập khẩu,80000,Hải Phòng,Số tự động,Xăng
VinFast Fadil  2019,17/11/2021,320000000,2019,Hatchback,Đã qua sử dụng,Trong nước,32000,Hưng Yên,Số tự động,Xăng
Chevrolet Spark   LT 1.2 MT  2016,17/11/2021,160000000,2016,Hatchback,Đã qua sử dụng,Trong nước,185000,Tp.HCM,Số tay,Xăng
Hyundai Grand i10   MT  2020,17/11/2021,360000000,2020,Sedan,Đã qua sử dụng,Trong nước,16000,Sơn La,Số tay,Xăng
Mitsubishi Xpander  2019,17/11/2021,575000000,2019,MPV,Đã qua sử dụng,Nhập khẩu,21000,Hà Nội,Số tự động,Xăng
Hyundai Accent  2020,17/11/2021,460000000,2020,Sedan,Đã qua sử dụng,Trong nước,34000,Tp.HCM,Số tự động,Xăng
Mazda CX-5  2017,17/11/2021,660000000,2017,SUV,Đã qua sử dụng,Trong nước,90000,Tp.HCM,Số tự động,Xăng
VinFast LUX SA2.0  2021,17/11/2021,1026000000,2021,SUV,Mới,Trong nước,0,Đồng Nai,Số tự động,Xăng
MG ZS  2021,17/11/2021,519000000,2021,SUV,Mới,Nhập khẩu,0,Tp.HCM,Số tự động,Xăng
Hyundai Grand i10   MT  2020,17/11/2021,360000000,2020,Sedan,Đã qua sử dụng,Trong nước,16000,Sơn La,Số tay,Xăng
Mitsubishi Xpander  2019,17/11/2021,575000000,2019,MPV,Đã qua sử dụng,Nhập khẩu,21000,Hà Nội,Số tự động,Xăng
Hyundai Accent  2020,17/11/2021,460000000,2020,Sedan,Đã qua sử dụng,Trong nước,34000,Tp.HCM,Số tự động,Xăng
Mazda CX-5  2017,17/11/2021,660000000,2017,SUV,Đã qua sử dụng,Trong nước,90000,Tp.HCM,Số tự động,Xăng
VinFast LUX SA2.0  2021,17/11/2021,1026000000,2021,SUV,Mới,Trong nước,0,Đồng Nai,Số tự động,Xăng
MG ZS  2021,17/11/2021,519000000,2021,SUV,Mới,Nhập khẩu,0,Tp.HCM,Số tự động,Xăng
Toyota Corolla Cross  2021,17/11/2021,820000000,2021,SUV,Mới,Nhập khẩu,0,Hà Nội,Số tự động,Xăng
Porsche Panamera  2019,17/11/2021,5850000000,2019,Sedan,Đã qua sử dụng,Nhập khẩu,61000,Tp.HCM,Số tự động,Xăng
Toyota Fortuner  2021,17/11/2021,995000000,2021,SUV,Mới,Trong nước,0,Bình Dương,Số tay,Diesel
Toyota Fortuner  2021,17/11/2021,995000000,2021,SUV,Mới,Trong nước,0,Long An,Số tay,Diesel
Honda HR-V  2021,17/11/2021,866000000,2021,SUV,Mới,Nhập khẩu,0,Tp.HCM,Số tự động,Xăng
Toyota Zace Surf 2005,17/11/2021,325000000,2005,SUV,Đã qua sử dụng,Trong nước,74000,Bình Dương,Số tay,Xăng
Honda HR-V  2021,17/11/2021,866000000,2021,SUV,Mới,Nhập khẩu,0,Tp.HCM,Số tự động,Xăng
Suzuki XL7  2021,17/11/2021,530000000,2021,MPV,Mới,Nhập khẩu,0,Tp.HCM,Số tự động,Xăng
Honda Brio  2021,17/11/2021,448000000,2021,Hatchback,Mới,Nhập khẩu,0,Tp.HCM,Số tự động,Xăng
Honda Civic  2021,17/11/2021,929000000,2021,Sedan,Mới,Nhập khẩu,0,Tp.HCM,Số tự động,Xăng
Nissan Navara  2018,17/11/2021,650000000,2018,Pick-up Truck,Đã qua sử dụng,Nhập khẩu,65000,Tp.HCM,Số tự động,Diesel
Ford Transit  2015,17/11/2021,380000000,2015,Van/Minivan,Đã qua sử dụng,Trong nước,55000,Tp.HCM,Số tay,Diesel
Toyota Camry  2020,17/11/2021,1220000000,2020,Sedan,Đã qua sử dụng,Nhập khẩu,15000,Hà Nội,Số tự động,Xăng
Toyota Fortuner  2012,17/11/2021,470000000,2012,SUV,Đã qua sử dụng,Trong nước,250000,Bình Thuận  ,Số tay,Diesel
Honda CR-V  2015,17/11/2021,730000000,2015,SUV,Đã qua sử dụng,Trong nước,60000,Tp.HCM,Số tự động,Xăng
Ford EcoSport  2018,17/11/2021,505000000,2018,SUV,Đã qua sử dụng,Trong nước,26000,Tp.HCM,Số tự động,Xăng
Daewoo Gentra  2006,17/11/2021,100000000,2006,Sedan,Đã qua sử dụng,Nhập khẩu,500000,Hà Nội,Số tay,Xăng
Honda City  2021,17/11/2021,599000000,2021,Sedan,Mới,Trong nước,0,Tp.HCM,Số tự động,Xăng
Chevrolet Spark  2015,17/11/2021,250000000,2015,Hatchback,Đã qua sử dụng,Nhập khẩu,64000,Tp.HCM,Số tự động,Xăng
Ford Ranger  2019,17/11/2021,650000000,2019,Pick-up Truck,Đã qua sử dụng,Nhập khẩu,8000,Tp.HCM,Số tự động,Diesel
Toyota Vios  G  2018,17/11/2021,465000000,2018,Sedan,Đã qua sử dụng,Trong nước,50000,Hà Nội,Số tự động,Xăng
Toyota Camry  2000,17/11/2021,135000000,2000,Sedan,Đã qua sử dụng,Trong nước,55000,Bắc Ninh,Số tay,Xăng
Mazda CX-5  2019,17/11/2021,800000000,2019,SUV,Đã qua sử dụng,Trong nước,66000,Thanh Hóa,Số tự động,Xăng
Mercedes-Benz Sprinter  2011,17/11/2021,230000000,2011,Van/Minivan,Đã qua sử dụng,Trong nước,35000,Vĩnh Phúc,Số tay,Diesel
Ford Transit  2016,17/11/2021,330000000,2016,Van/Minivan,Đã qua sử dụng,Trong nước,160000,Tp.HCM,Số tay,Diesel
Toyota Corolla Cross 1.8 G 2021,17/11/2021,820000000,2021,SUV,Mới,Nhập khẩu,0,Hà Nội,Số tự động,Xăng
Ford Ranger  2017,17/11/2021,552000000,2017,Pick-up Truck,Đã qua sử dụng,Nhập khẩu,97000,Tp.HCM,Số tự động,Diesel
Mercedes-Benz G63  2021,17/11/2021,12750000000,2021,SUV,Mới,Nhập khẩu,0,Bình Dương,Số tự động,Xăng
Hyundai Grand i10  2019,17/11/2021,305000000,2019,Sedan,Đã qua sử dụng,Trong nước,60000,Tp.HCM,Số tay,Xăng
Toyota Fortuner   2.7V 4x4 AT   2019,17/11/2021,1120000000,2019,SUV,Đã qua sử dụng,Nhập khẩu,52000,Phú Thọ,Số tự động,Xăng
VinFast LUX SA2.0  2021,17/11/2021,826000000,2021,SUV,Mới,Trong nước,0,Hà Nội,Số tự động,Xăng
Toyota Fortuner  2021,17/11/2021,1035000000,2021,SUV,Mới,Trong nước,0,Hà Nội,Số tự động,Diesel
Mitsubishi Attrage  2021,17/11/2021,375000000,2021,Sedan,Mới,Nhập khẩu,0,Tp.HCM,Số tự động,Xăng
Nissan Navara   2013,17/11/2021,319000000,2013,Pick-up Truck,Đã qua sử dụng,Nhập khẩu,11700,Thanh Hóa,Số tay,Diesel
Toyota Fortuner  2021,17/11/2021,1035000000,2021,SUV,Mới,Trong nước,0,Hà Nội,Số tự động,Diesel
Mitsubishi Attrage  2021,17/11/2021,375000000,2021,Sedan,Mới,Nhập khẩu,0,Tp.HCM,Số tự động,Xăng
Nissan Navara   2013,17/11/2021,319000000,2013,Pick-up Truck,Đã qua sử dụng,Nhập khẩu,11700,Thanh Hóa,Số tay,Diesel
Suzuki XL7  2021,17/11/2021,520000000,2021,SUV,Mới,Nhập khẩu,0,Thái Nguyên,Số tự động,Xăng
Toyota Fortuner  2009,17/11/2021,480000000,2009,SUV,Đã qua sử dụng,Nhập khẩu,170000,Đồng Nai,Số tay,Diesel
Toyota Vios  2021,17/11/2021,546000000,2021,Sedan,Mới,Trong nước,0,Hà Nội,Số tự động,Xăng
Toyota Fortuner  2010,17/11/2021,500000000,2010,SUV,Đã qua sử dụng,Trong nước,15000,Hà Nội,Số tay,Diesel
Suzuki XL7  2021,17/11/2021,520000000,2021,SUV,Mới,Nhập khẩu,0,Hà Nội,Số tự động,Xăng
Honda City  2018,17/11/2021,485000000,2018,Sedan,Đã qua sử dụng,Trong nước,55000,Hà Nội,Số tự động,Xăng
VinFast LUX SA2.0  2021,17/11/2021,1271000000,2021,SUV,Mới,Trong nước,0,Hà Nội,Số tự động,Xăng
Toyota Corolla Altis  2011,17/11/2021,455000000,2011,Sedan,Đã qua sử dụng,Nhập khẩu,171000,Hà Nội,Số tự động,Xăng
Chevrolet Aveo   MT  2015,17/11/2021,235000000,2015,Sedan,Đã qua sử dụng,Trong nước,30000,Bình Dương,Số tay,Xăng
JAC A5  2021,17/11/2021,1470000000,2021,Truck,Mới,Nhập khẩu,0,Hà Nội,Số tay,Diesel
VinFast LUX SA2.0  2021,17/11/2021,826000000,2021,SUV,Mới,Trong nước,0,Hà Nội,Số tự động,Xăng
Mazda 3    2010,17/11/2021,298000000,2010,Hatchback,Đã qua sử dụng,Nhập khẩu,95635,Hà Nội,Số tự động,Xăng
